,date,ticker,shares_holding,current_price,current_value,yesterday_value,return_change,pnl_dollar,entry_price,cum_pnl,weight,shares_change,is_rebalance_day,ym
1864,2022-04-01,AWK,216.4,153.7279815673828,33266.73521118164,0.0,0.0,0.0,153.7279815673828,0.0,0.33333295758685044,216.4,True,202204
1881,2022-04-01,NRG,968.06,34.36443328857422,33266.833289337155,0.0,0.0,0.0,34.36443328857422,0.0,0.33333394033076696,968.06,True,202204
1882,2022-04-01,PCG,2758.53,12.059593200683594,33266.749631881714,0.0,0.0,0.0,12.059593200683594,0.0,0.33333310208238254,2758.53,True,202204
2462,2022-05-02,AES,1833.2,17.39264678955078,31884.200094604494,0.0,0.0,0.0,17.39264678955078,0.0,0.3329992240211454,1833.2,True,202205
2479,2022-05-02,NEE,509.22,62.614234924316406,31884.420708160404,0.0,0.0,-0.0,62.614234924316406,0.0,0.33300152811353945,509.22,True,202205
2481,2022-05-02,NRG,960.88,33.28194046020508,31979.950949401857,31396.833873062133,0.02618357673158005,822.081408843994,34.36443328857422,-1040.1457089233397,0.33399924786531515,-7.17999999999995,True,202205
3094,2022-06-01,AWK,259.24,138.93309020996094,36017.01430603027,0.0,0.0,0.0,138.93309020996094,0.0,0.33301214377114474,259.24,True,202206
3107,2022-06-01,FE,998.52,36.06999969482422,36016.61609527588,0.0,0.0,-0.0,36.06999969482422,0.0,0.3330084619274509,998.52,True,202206
3109,2022-06-01,NEE,526.1800000000001,68.6488037109375,36121.6275366211,34737.05815658569,0.006341517698617697,220.2856690979004,62.80874305199343,3072.9231175231903,0.33397939430140433,16.960000000000036,True,202206
3737,2022-07-01,FE,1079.1299999999999,33.332542419433594,35970.14650108337,32487.73174758911,0.02448550472049353,795.4785090637207,35.865514200982666,-2733.4058386230504,0.3339501963951736,80.6099999999999,True,202207
3742,2022-07-01,PCG,3564.09,10.064403533935547,35870.43999126434,0.0,0.0,0.0,10.064403533935547,0.0,0.33302451185466336,3564.09,True,202207
3747,2022-07-01,VST,1633.56,21.958498001098633,35870.52399467468,0.0,0.0,0.0,21.958498001098633,0.0,0.33302529175016304,1633.56,True,202207
4334,2022-08-01,ETR,758.29,50.09786605834961,37988.71085338592,0.0,0.0,0.0,50.09786605834961,0.0,0.33299854386630123,758.29,True,202208
4341,2022-08-01,NRG,1107.34,34.30671310424805,37989.19568885803,0.0,0.0,-0.0,34.30671310424805,0.0,0.3330027938001,1107.34,True,202208
4342,2022-08-01,PCG,3553.4,10.722914695739746,38102.805079841615,38042.28354214668,0.00460407419019267,175.14949579238893,10.064403533935547,2339.9535623550414,0.33399866233359876,-10.690000000000055,True,202208
5014,2022-09-01,AWK,296.81,139.11618041992188,41291.07351043701,0.0,0.0,0.0,139.11618041992188,0.0,0.33333088224558644,296.81,True,202209
5020,2022-09-01,DUK,441.68,93.48759460449219,41291.60078491211,0.0,0.0,0.0,93.48759460449219,0.0,0.33333513877977233,441.68,True,202209
5026,2022-09-01,EXC,1057.01,39.064395904541016,41291.457115058896,0.0,0.0,0.0,39.064395904541016,0.0,0.3333339789746413,1057.01,True,202209
5643,2022-10-03,ATO,377.83,95.76652526855469,36183.46624221802,0.0,0.0,0.0,95.7665252685547,-5.369287237044773e-12,0.3326736664403977,377.83,True,202210
5650,2022-10-03,DUK,440.57,82.37521362304688,36292.04786590576,35501.85303527832,0.024833388749396917,881.6313177490234,93.48759460449219,-4895.781688995361,0.3336719745244946,-1.1100000000000136,True,202210
5656,2022-10-03,EXC,1073.11,33.817718505859375,36290.13190582275,34798.14626777649,0.027229047283456712,947.5203701019287,38.98567936465342,-5545.790477180479,0.33365435903510776,16.09999999999991,True,202210
6276,2022-11-01,CMS,711.58,50.858070373535156,36189.58571640015,0.0,0.0,0.0,50.858070373535156,0.0,0.3333347078644967,711.58,True,202211
6293,2022-11-01,PEG,729.29,49.62260437011719,36189.26914108276,0.0,0.0,0.0,49.62260437011719,0.0,0.3333317919554347,729.29,True,202211
6295,2022-11-01,SO,632.57,57.21019744873047,36189.454600143436,0.0,0.0,0.0,57.21019744873047,0.0,0.33333350018006863,632.57,True,202211
6908,2022-12-01,D,755.98,50.907466888427734,38485.0268183136,0.0,0.0,-0.0,50.907466888427734,0.0,0.33300632113216266,755.98,True,202212
6915,2022-12-01,EVRG,756.15,50.89603805541992,38485.03917560577,0.0,0.0,-0.0,50.89603805541992,0.0,0.3330064280583297,756.15,True,202212
6925,2022-12-01,SO,646.0200000000001,59.747982025146484,38598.39134788514,37750.132084045414,0.0011827483279289433,44.64890560150147,57.26303358778622,1605.3263895034795,0.33398725080950753,13.450000000000045,True,202212
7535,2023-01-03,CEG,510.18,79.68780517578125,40655.12444458008,0.0,0.0,-0.0,79.68780517578125,0.0,0.3330015427367951,510.18,True,202301
7538,2023-01-03,D,767.91,53.099945068359375,40775.97881744384,39090.64078598023,0.02690812086087219,1051.8556867980958,50.94152851633542,1657.4696544647175,0.33399144728535907,11.92999999999995,True,202301
7551,2023-01-03,NRG,1385.31,29.347793579101562,40655.79192306518,0.0,0.0,0.0,29.347793579101562,0.0,0.3330070099778458,1385.31,True,202301
8135,2023-02-01,CEG,513.03,83.09285736083984,42629.128611831664,42367.49235992432,0.0005858644693457004,24.821608428955077,79.70672102617483,1737.1895237731903,0.33399261721070483,2.849999999999966,True,202302
8144,2023-02-01,ETR,880.12,48.29225158691406,42502.9764666748,0.0,0.0,0.0,48.292251586914055,6.253628725971794e-12,0.333004234700911,880.12,True,202302
8149,2023-02-01,NEE,628.9700000000001,67.57530212402344,42502.83777694703,0.0,0.0,-0.0,67.57530212402344,0.0,0.33300314808838416,628.9700000000001,True,202302
8704,2023-03-01,AWK,304.97,128.00082397460938,39036.411287536626,0.0,0.0,-0.0,128.00082397460938,0.0,0.3333317339360058,304.97,True,202303
8718,2023-03-01,LNT,867.12,45.0186767578125,39036.59499023438,0.0,0.0,-0.0,45.0186767578125,0.0,0.33333330257248517,867.12,True,202303
8729,2023-03-01,XEL,694.49,56.20928955078125,39036.78950012207,0.0,0.0,-0.0,56.20928955078124,4.93464824558032e-12,0.33333496349150904,694.49,True,202303
9392,2023-04-03,AES,2012.39,20.505306243896484,41264.67323215485,0.0,0.0,-0.0,20.505306243896484,0.0,0.33333570381260863,2012.39,True,202304
9395,2023-04-03,CEG,551.6,74.8076171875,41263.881640625004,0.0,0.0,-0.0,74.8076171875,0.0,0.333329309342495,551.6,True,202304
9398,2023-04-03,D,869.85,47.43873596191406,41264.58447647095,0.0,0.0,-0.0,47.43873596191406,0.0,0.3333349868448965,869.85,True,202304
9962,2023-05-01,AES,2065.76,20.07855796813965,41477.48190826416,41278.20718132019,-0.021132650165349168,-872.3179118156434,20.494280976935585,-858.7839626502933,0.33365202729855287,53.37000000000012,True,202305
9965,2023-05-01,CEG,551.39,75.22744750976562,41479.66228240967,41683.95732727051,-0.004522058196246887,-188.49728088378907,74.8076171875,231.49024139404295,0.3336695666047125,-0.21000000000003638,True,202305
9977,2023-05-01,FE,1213.7799999999997,34.07244110107422,41356.44755966186,0.0,0.0,-0.0,34.07244110107422,0.0,0.33267840609673466,1213.7799999999997,True,202305
10622,2023-06-01,AES,2387.2200000000003,17.234966278076172,41143.656198349,35352.570175170906,0.007092377221383233,250.7337634277344,20.055385817253885,-6732.961932315821,0.33391051683050776,321.46000000000004,True,202306
10628,2023-06-01,D,967.61,42.41061019897461,41036.93053462982,0.0,0.0,-0.0,42.41061019897461,0.0,0.3330443609069858,967.61,True,202306
10633,2023-06-01,ES,684.13,59.984249114990234,41037.02434703827,0.0,0.0,-0.0,59.984249114990234,0.0,0.33304512226250654,684.13,True,202306
11261,2023-07-03,ED,526.4,82.13531494140625,43236.02978515625,0.0,0.0,0.0,82.13531494140625,0.0,0.33333442731494684,526.4,True,202307
11264,2023-07-03,ETR,976.27,44.286598205566406,43235.677230148314,0.0,0.0,0.0,44.286598205566406,0.0,0.33333170924110306,976.27,True,202307
11279,2023-07-03,XEL,760.27,56.86921310424805,43235.95664676666,0.0,0.0,0.0,56.86921310424805,0.0,0.3333338634439501,760.27,True,202307
11851,2023-08-01,AEP,584.06,75.2061538696289,43924.90622909545,0.0,0.0,-0.0,75.2061538696289,0.0,0.333006646982742,584.06,True,202308
11869,2023-08-01,NEE,660.1300000000001,66.53978729248047,43924.90978538514,0.0,0.0,-0.0,66.53978729248047,0.0,0.3330066739439403,660.1300000000001,True,202308
11879,2023-08-01,XEL,776.26,56.7518310546875,44054.17637451172,43064.33151786804,0.001913023497068372,82.38307807922364,56.866795178588504,-89.24205081939317,0.33398667907331775,15.990000000000009,True,202308
12549,2023-09-01,DTE,438.35,92.20780181884766,40419.28992729187,0.0,0.0,-0.0,92.20780181884766,0.0,0.33333327978738186,438.35,True,202309
12555,2023-09-01,EVRG,845.19,47.82276153564453,40419.3198223114,0.0,0.0,-0.0,47.82276153564453,0.0,0.3333335263282025,845.19,True,202309
12562,2023-09-01,PCG,2498.45,16.17774200439453,40419.27951087951,0.0,0.0,0.0,16.17774200439453,0.0,0.3333331938844157,2498.45,True,202309
13144,2023-10-02,AWK,331.83,112.05120086669922,37181.9499835968,0.0,0.0,-0.0,112.05120086669922,0.0,0.33333354425560074,331.83,True,202310
13152,2023-10-02,EIX,699.07,53.18753433227539,37181.80962566376,0.0,0.0,-0.0,53.18753433227539,0.0,0.33333228595668674,699.07,True,202310
13159,2023-10-02,NEE,767.9900000000001,48.41471862792969,37182.019759063725,0.0,0.0,-0.0,48.41471862792969,0.0,0.33333416978771246,767.9900000000001,True,202310
13804,2023-11-01,AWK,352.65,111.16227722167969,39201.377062225336,36529.90524879455,0.009774818720264764,357.073201675415,111.9987199641349,-294.971533126833,0.3339621462267388,20.819999999999993,True,202311
13808,2023-11-01,D,1108.23,35.273128509521484,39090.73920810699,0.0,0.0,-0.0,35.273128509521484,0.0,0.3330196065002228,1108.23,True,202311
13813,2023-11-01,ES,835.98,46.76018524169922,39090.57965835572,0.0,0.0,-0.0,46.76018524169922,0.0,0.3330182472730384,835.98,True,202311
14446,2023-12-01,EXC,1253.52,35.8101692199707,44888.763320617676,0.0,0.0,0.0,35.8101692199707,0.0,0.3333340074820167,1253.52,True,202312
14449,2023-12-01,NEE,810.5700000000002,55.37891387939453,44888.48622322083,0.0,0.0,0.0,55.37891387939453,0.0,0.33333194981816233,810.5700000000002,True,202312
14450,2023-12-01,NI,1849.81,24.266691207885742,44888.76806325912,0.0,0.0,0.0,24.266691207885742,0.0,0.333334042699821,1849.81,True,202312
15030,2024-01-02,AEE,655.05,68.5465316772461,44901.40557518005,0.0,0.0,0.0,68.5465316772461,0.0,0.33302299855407724,655.05,True,202401
15046,2024-01-02,EXC,1344.26,33.49568557739258,45026.91029426575,41331.276773986814,0.015877443481236733,656.2350109863281,35.653937355801915,-2901.251535644535,0.33395383707343335,90.74000000000001,True,202401
15054,2024-01-02,PNW,680.51,65.98202514648438,44901.42793243408,0.0,0.0,0.0,65.98202514648438,0.0,0.33302316437248947,680.51,True,202401
15660,2024-02-01,AEE,660.5699999999999,65.4897232055664,43260.546457901,42213.382672119136,0.016242728497093295,685.6605136871337,68.52098770346032,-2002.3623893737831,0.33399422706317317,5.519999999999982,True,202402
15664,2024-02-01,AWK,365.95,117.86392211914062,43132.30229949951,0.0,0.0,0.0,117.86392211914062,0.0,0.33300411454570056,365.95,True,202402
15683,2024-02-01,PEG,791.67,54.482276916503906,43131.98416648865,0.0,0.0,0.0,54.482276916503906,0.0,0.33300165839112633,791.67,True,202402
16262,2024-03-01,AES,3144.8700000000003,13.807618141174316,43423.164063634875,0.0,0.0,0.0,13.807618141174316,0.0,0.3330159149050379,3144.8700000000003,True,202403
16264,2024-03-01,AWK,384.4,113.2860336303711,43547.15132751464,41062.126790237424,0.00961706681230068,394.897216796875,117.64419776269474,-1675.2782924652113,0.33396678370992244,18.44999999999999,True,202403
16289,2024-03-01,XEL,953.42,45.544822692871094,43423.34485183716,0.0,0.0,-0.0,45.544822692871094,0.0,0.33301730138503965,953.42,True,202403
16864,2024-04-01,AWK,414.87,113.87290954589844,47242.453983306885,44467.72644958496,-0.015628863349457078,-694.9800201416015,117.36721665544238,-1449.683190536494,0.3336172852824281,30.470000000000027,True,202404
16882,2024-04-01,PCG,2891.13,16.29511833190918,47111.305462932585,0.0,0.0,-0.0,16.29511833190918,0.0,0.3326911392072996,2891.13,True,202404
16889,2024-04-01,XEL,954.99,49.480072021484375,47252.97397979737,47591.43316139221,-0.008744071506679659,-416.14289466857906,45.551292228097566,3751.945414886469,0.3336915755102723,1.57000000000005,True,202404
17525,2024-05-01,CEG,267.2,182.09713745117188,48656.35512695312,0.0,0.0,-0.0,182.09713745117188,0.0,0.33300142351011436,267.2,True,202405
17529,2024-05-01,DTE,471.21,103.26080322265625,48657.52308654785,0.0,0.0,0.0,103.26080322265625,0.0,0.3330094169614658,471.21,True,202405
17549,2024-05-01,XEL,977.1,49.94440460205078,48800.67773666382,47652.071668396,0.0009303956987432243,44.335282516479495,45.650700389583704,4195.378386001581,0.33398915952841984,22.110000000000014,True,202405
18180,2024-06-03,AEE,752.0499999999998,68.9608154296875,51861.98124389647,0.0,0.0,0.0,68.9608154296875,0.0,0.33333304962456756,752.0499999999998,True,202406
18183,2024-06-03,ATO,469.87,110.37553405761719,51862.15218765259,0.0,0.0,-0.0,110.37553405761719,0.0,0.3333341483331432,469.87,True,202406
18208,2024-06-03,WEC,684.06,75.81490325927734,51861.94272354126,0.0,0.0,0.0,75.81490325927734,0.0,0.3333328020422892,684.06,True,202406
18761,2024-07-01,ED,608.43,83.06399536132812,50538.62669769287,0.0,0.0,-0.0,83.06399536132812,0.0,0.33333404735579625,608.43,True,202407
18763,2024-07-01,ES,979.79,51.581031799316406,50538.57914665222,0.0,0.0,-0.0,51.581031799316406,0.0,0.333333733726759,979.79,True,202407
18766,2024-07-01,EXC,1560.14,32.393470764160156,50538.34947799683,0.0,0.0,-0.0,32.393470764160156,0.0,0.33333221891744474,1560.14,True,202407
19415,2024-08-01,CEG,326.09000000000003,175.4682159423828,57218.43053665162,0.0,0.0,-0.0,175.4682159423828,0.0,0.3333215630389587,326.09000000000003,True,202408
19417,2024-08-01,CNP,2135.3,26.79761505126953,57220.94741897583,0.0,0.0,0.0,26.79761505126953,0.0,0.3333362249432162,2135.3,True,202408
19431,2024-08-01,NRG,797.62,71.74089813232422,57221.975168304445,0.0,0.0,-0.0,71.74089813232422,0.0,0.33334221201782505,797.62,True,202408
20072,2024-09-03,AES,3836.2100000000005,15.244544982910156,58481.27590888978,0.0,0.0,-0.0,15.244544982910156,0.0,0.33269160726904157,3836.2100000000005,True,202409
20075,2024-09-03,CEG,333.24,176.0029754638672,58651.2315435791,63500.763168640144,-0.09618707862465657,-6107.952899627686,175.4796897467839,174.37973236083795,0.3336584605462736,7.149999999999977,True,202409
20077,2024-09-03,CNP,2223.77,26.37401008605957,58649.73240907669,55927.18177127839,0.006959799388363171,389.2419654846192,26.780762440040796,-904.5236822128302,0.3336499321846849,88.4699999999998,True,202409
20674,2024-10-01,AWK,529.49,139.4185333251953,73820.71921035767,0.0,0.0,-0.0,139.4185333251953,0.0,0.33333243926467937,529.49,True,202410
20680,2024-10-01,DUK,675.88,109.22215270996094,73821.0685736084,0.0,0.0,0.0,109.22215270996094,0.0,0.33333401679068836,675.88,True,202410
20694,2024-10-01,PNW,874.07,84.45658111572266,73820.9638558197,0.0,0.0,0.0,84.45658111572266,0.0,0.3333335439446322,874.07,True,202410
21364,2024-11-01,AWK,539.59,130.1635284423828,70234.93831222535,69989.5759590149,-0.015277836297847852,-1069.2892840576171,139.24529892626944,-4900.432535400387,0.3339859140951145,10.100000000000023,True,202411
21372,2024-11-01,EIX,949.55,73.74957275390625,70028.90680847167,0.0,0.0,-0.0,73.74957275390625,0.0,0.3330061791972541,949.55,True,202411
21377,2024-11-01,FE,1801.8199999999997,38.86585235595703,70029.27009201048,0.0,0.0,-0.0,38.86585235595703,0.0,0.3330079067076314,1801.8199999999997,True,202411
21962,2024-12-02,AES,5974.710000000001,11.966230392456055,71494.75638811113,0.0,0.0,-0.0,11.966230392456055,0.0,0.3330073951744494,5974.710000000001,True,202412
21964,2024-12-02,AWK,549.37,130.5216064453125,71704.65493286133,71124.11406372071,-0.009785154459302147,-695.9604418945313,139.08999792245825,-4707.217225799562,0.3339850580293129,9.779999999999973,True,202412
21979,2024-12-02,NEE,963.1200000000001,74.23248291015625,71494.7889404297,0.0,0.0,-0.0,74.23248291015625,0.0,0.3330075467962376,963.1200000000001,True,202412
22594,2025-01-02,AWK,569.7,119.22126007080078,67920.35186233521,65829.72554962158,-0.005060660693088245,-333.14190452575684,138.38097310145739,-10915.288513565069,0.3339732881488608,20.33000000000004,True,202501
22601,2025-01-02,ED,799.78,84.67990112304688,67725.29132019043,0.0,0.0,-0.0,84.67990112304688,0.0,0.3330141498513998,799.78,True,202501
22615,2025-01-02,SO,866.6400000000001,78.14659881591797,67724.96839782715,0.0,0.0,-0.0,78.14659881591795,1.2315695130382666e-11,0.3330125619997394,866.6400000000001,True,202501
23192,2025-02-03,AES,7011.750000000001,10.007031440734863,70166.80270457269,0.0,0.0,-0.0,10.007031440734863,0.0,0.33333284289079534,7011.750000000001,True,202502
23202,2025-02-03,EIX,1456.41,48.17808151245117,70167.03969554901,0.0,0.0,-0.0,48.17808151245117,0.0,0.33333396873482457,1456.41,True,202502
23212,2025-02-03,PCG,4692.76,14.952155113220215,70166.8754291153,0.0,0.0,-0.0,14.952155113220215,0.0,0.3333331883743802,4692.76,True,202502
23783,2025-03-03,PEG,953.62,77.89669036865234,74283.84186935425,0.0,0.0,0.0,77.89669036865234,0.0,0.3333342256075884,953.62,True,202503
23786,2025-03-03,SRE,1089.06,68.20911407470703,74283.81777420043,0.0,0.0,-0.0,68.20911407470703,0.0,0.33333411748529373,1089.06,True,202503
23787,2025-03-03,VST,604.25,122.93466186523438,74283.26943206787,0.0,0.0,-0.0,122.93466186523438,0.0,0.33333165690711786,604.25,True,202503
24395,2025-04-01,CEG,363.65000000000003,205.5769500732422,74758.05789413453,0.0,0.0,0.0,205.5769500732422,0.0,0.3326706828037203,363.65000000000003,True,202504
24416,2025-04-01,SRE,1087.53,68.94924926757812,74984.37705596923,74880.01231796264,0.0028025781899563684,209.8570893859863,68.20911407470703,804.9192263031006,0.33367779497624,-1.5299999999999727,True,202504
24417,2025-04-01,VST,617.37,121.44819641113281,74978.47301834107,70503.46144866943,0.04087191144303669,2881.6112327575684,122.9030723374669,-898.1967506408727,0.3336515222200397,13.120000000000005,True,202504
25022,2025-05-01,AES,8761.600000000002,9.463471412658691,82915.15112915041,0.0,0.0,0.0,9.463471412658691,0.0,0.3333336548631133,8761.600000000002,True,202505
25039,2025-05-01,NEE,1292.67,64.14241027832031,82914.96949447632,0.0,0.0,-0.0,64.14241027832031,0.0,0.3333329246594178,1292.67,True,202505
25043,2025-05-01,PEG,1097.56,75.54492950439453,82915.09282684326,0.0,0.0,-0.0,75.54492950439453,0.0,0.33333342047746883,1097.56,True,202505
25652,2025-06-02,AES,8956.930000000002,9.682226181030273,86723.0221476555,84081.80083007815,0.008919790849299081,749.9920776367189,9.468241949986327,1916.641778564457,0.333985797234878,195.32999999999993,True,202506
25656,2025-06-02,CMS,1268.95,68.14209747314453,86468.91458854676,0.0,0.0,-0.0,68.14209747314453,0.0,0.33300718378702276,1268.95,True,202506
25661,2025-06-02,ED,860.22,100.51948547363281,86468.87179412843,0.0,0.0,-0.0,100.51948547363281,0.0,0.33300701897809926,860.22,True,202506
26254,2025-07-01,AWK,627.29,138.90243530273438,87132.10864105224,0.0,0.0,0.0,138.90243530273438,0.0,0.33300927959663335,627.29,True,202507
26261,2025-07-01,ED,895.9,97.5385513305664,87384.78813705443,83546.62296844483,0.004284908766093643,357.9896571350098,100.40076716776764,-2564.259168548585,0.33397499267582864,35.67999999999995,True,202507
26272,2025-07-01,PCG,6231.95,13.981786727905273,87133.79579896927,0.0,0.0,0.0,13.981786727905273,0.0,0.333015727727538,6231.95,True,202507
26914,2025-08-01,AWK,626.53,141.98135375976562,88955.57757110595,85714.1399645996,0.039075739857473535,3349.3434353637695,138.90243530273438,1929.034780883789,0.33366711881071454,-0.7599999999999909,True,202508
26929,2025-08-01,NEE,1286.88,68.91996765136719,88691.72797119142,0.0,0.0,-0.0,68.91996765136719,0.0,0.3326774345412546,1286.88,True,202508
26932,2025-08-01,PCG,6366.53,13.971891403198242,88952.4657752037,86455.47477183341,0.007132617800726798,616.6538583278656,13.981577553865558,-61.667168807983344,0.3336554466480308,134.57999999999993,True,202508
27551,2025-09-02,ED,965.83,94.85124206542969,91610.17512405396,0.0,0.0,-0.0,94.85124206542969,0.0,0.3333305440383762,965.83,True,202509
27553,2025-09-02,ES,1504.01,60.91081237792969,91610.47092453003,0.0,0.0,-0.0,60.91081237792969,0.0,0.33333162033075836,1504.01,True,202509
27561,2025-09-02,NRG,636.87,143.8475341796875,91612.17909301758,0.0,0.0,-0.0,143.8475341796875,0.0,0.3333378356308655,636.87,True,202509
28174,2025-10-01,AWK,745.61,133.33749389648438,99417.76882415771,0.0,0.0,-0.0,133.33749389648438,0.0,0.33332923495934674,745.61,True,202510
28194,2025-10-01,PNW,1160.58,85.6650619506836,99421.15759872436,0.0,0.0,-0.0,85.6650619506836,0.0,0.33334059688837725,1160.58,True,202510
28197,2025-10-01,VST,495.42,200.6742706298828,99418.04715545654,0.0,0.0,0.0,200.6742706298828,0.0,0.33333016815227595,495.42,True,202510
28864,2025-11-03,AWK,781.58,123.4403076171875,96478.47562744141,93835.6886115265,-0.019154341761334237,-1797.3608490753174,132.88200400361825,-7379.441061706545,0.3336388463462619,35.97000000000003,True,202511
28868,2025-11-03,D,1697.94,56.65985870361328,96205.04048721313,0.0,0.0,-0.0,56.65985870361328,0.0,0.33269326149800443,1697.94,True,202511
28887,2025-11-03,VST,501.91,192.23939514160156,96486.87481552124,92900.69938659668,0.025172488150212585,2338.5417544555667,200.56520258597266,-4178.806014404296,0.33366789215573367,6.490000000000009,True,202511
29434,2025-12-01,AWK,742.7,129.193603515625,95952.0893310547,100258.30269622803,0.0071498710853513114,716.8339395141602,132.88200400361825,-2739.3750424325863,0.3336794147652224,-38.879999999999995,True,202512
29443,2025-12-01,ES,1486.6,64.35934448242188,95676.60150756835,0.0,0.0,-0.0,64.35934448242188,0.0,0.33272138856322164,1486.6,True,202512
29457,2025-12-01,VST,554.76,172.91986083984375,95929.02199951172,89399.31070022583,-0.029184826210223374,-2609.1033460998538,197.93152980624282,-13875.473475799548,0.3335991966715559,52.849999999999966,True,202512
30105,2026-01-02,EVRG,1322.18,71.8669204711914,95021.00490859986,0.0,0.0,0.0,71.8669204711914,0.0,0.33333438470048976,1322.18,True,202601
30108,2026-01-02,LNT,1471.42,64.57752227783203,95020.65783004761,0.0,0.0,0.0,64.57752227783203,0.0,0.33333316714637345,1471.42,True,202601
30119,2026-01-02,XEL,1291.44,73.57713317871094,95020.45287231446,0.0,0.0,0.0,73.57713317871094,0.0,0.33333244815313684,1291.44,True,202601
30695,2026-02-02,CEG,355.5,270.09783935546875,96019.78189086914,0.0,0.0,-0.0,270.09783935546875,0.0,0.3333285879716896,355.5,True,202602
30716,2026-02-02,SRE,1129.48,85.01549530029297,96023.3016317749,0.0,0.0,-0.0,85.01549530029297,0.0,0.33334080660250753,1129.48,True,202602
30717,2026-02-02,VST,624.1800000000001,153.83441162109375,96020.3630456543,0.0,0.0,-0.0,153.83441162109375,0.0,0.3333306054258029,624.1800000000001,True,202602
31265,2026-03-02,CEG,333.22,326.21533203125,108701.47293945313,116933.72277832031,-0.008245459208023234,-964.1722412109375,270.09783935546875,18699.47090942383,0.33365752216156624,-22.279999999999973,True,202603
31268,2026-03-02,D,1736.37,62.4249267578125,108392.77007446288,0.0,0.0,-0.0,62.4249267578125,0.0,0.33270996340057135,1736.37,True,202603
31287,2026-03-02,VST,656.6300000000001,165.53207397460938,108693.32573394777,108239.21799774171,-0.04543092748852469,-4917.40806427002,154.41249843310598,7301.446887817375,0.33363251443786246,32.450000000000045,True,202603
