date,current_value,cum_pnl
2022-04-01,99800.31813240051,0.0
2022-04-04,98115.35662872315,-1684.9615036773682
2022-04-05,98291.67461815834,-1508.6435142421724
2022-04-06,100043.57699308396,243.25886068344107
2022-04-07,100997.71547512055,1197.3973427200317
2022-04-08,102544.93179385187,2744.61366145134
2022-04-11,99671.13476801873,-129.18336438179017
2022-04-12,100855.26545663833,1054.9473242378235
2022-04-13,101360.38281547546,1560.0646830749513
2022-04-14,100038.0067241764,237.6885917758941
2022-04-18,99534.15436346055,-266.1637689399721
2022-04-19,100164.89137949943,364.57324709892265
2022-04-20,102386.92293971061,2586.604807310104
2022-04-21,100536.78960339547,736.4714709949492
2022-04-22,98082.03210094452,-1718.2860314559937
2022-04-25,96313.72270960808,-3486.595422792435
2022-04-26,96628.32658361435,-3171.9915487861635
2022-04-27,96320.16191565513,-3480.1562167453762
2022-04-28,98899.0557537365,-901.2623786640168
2022-04-29,96052.39724311829,-3747.9208892822267
2022-05-02,95748.57175216675,-1040.1457089233397
2022-05-03,96566.148440094,-222.56902099609363
2022-05-04,100471.33121917726,3682.613758087158
2022-05-05,98532.6739656067,1743.9565045166014
2022-05-06,101419.73975372314,4631.022292633057
2022-05-09,99280.57589164734,2491.858430557251
2022-05-10,99022.90974380494,2234.1922827148437
2022-05-11,99205.54394012451,2416.8264790344238
2022-05-12,97297.76062774658,509.0431666564946
2022-05-13,99890.4540753174,3101.736614227295
2022-05-16,101303.05573287964,4514.338271789551
2022-05-17,104234.46027267457,7445.742811584472
2022-05-18,103434.78938873291,6646.071927642823
2022-05-19,104260.03157546997,7471.314114379883
2022-05-20,103964.80523925781,7176.0877781677245
2022-05-23,105899.71400131226,9110.996540222168
2022-05-24,106716.22578659058,9927.508325500488
2022-05-25,107967.87096237183,11179.15350128174
2022-05-26,108842.66641159057,12053.94895050049
2022-05-27,110574.41020126342,13785.692740173341
2022-05-31,108816.3088735962,12027.591412506104
2022-06-01,108155.25793792725,3072.9231175231903
2022-06-02,109827.93516174317,4745.600341339108
2022-06-03,109540.60847640992,4458.2736560058565
2022-06-06,110197.78435974121,5115.449539337155
2022-06-07,110460.55621643068,5378.221396026608
2022-06-08,108655.16371170044,3572.8288912963844
2022-06-09,106881.3416607666,1799.006840362546
2022-06-10,105507.96508987427,425.63026947021217
2022-06-13,100605.38605651856,-4476.948763885502
2022-06-14,98028.16880722047,-7054.166013183597
2022-06-15,98707.5898223114,-6374.744998092655
2022-06-16,95381.5740209198,-9700.760799484256
2022-06-17,95225.28984451294,-9857.044975891116
2022-06-21,96802.97165504456,-8279.3631653595
2022-06-22,98553.2990171051,-6529.0358032989525
2022-06-23,102164.53183319092,-2917.802987213138
2022-06-24,103724.06281486512,-1358.2720055389436
2022-06-27,104534.83107391358,-547.5037464904813
2022-06-28,102629.79578521728,-2452.539035186771
2022-06-29,102964.1753100586,-2118.159510345462
2022-06-30,104491.33882537842,-590.9959950256375
2022-07-01,107711.1104870224,-2733.4058386230504
2022-07-05,102158.95253811836,-8285.563787527088
2022-07-06,102011.61206866265,-8432.904256982805
2022-07-07,103894.81416346549,-6549.70216217995
2022-07-08,103853.15418522834,-6591.362140417102
2022-07-11,103608.30014376639,-6836.216181879046
2022-07-12,104224.69071724892,-6219.825608396533
2022-07-13,104240.98983120918,-6203.526494436267
2022-07-14,104467.65804170608,-5976.858283939365
2022-07-15,105107.37159710884,-5337.144728536608
2022-07-18,105507.97290727615,-4936.543418369297
2022-07-19,108409.75424417495,-2034.7620814704924
2022-07-20,108268.07675130843,-2176.439574337009
2022-07-21,107536.4851891136,-2908.0311365318335
2022-07-22,107615.88596440315,-2828.6303612422976
2022-07-25,108863.64244829176,-1580.8738773536713
2022-07-26,109297.11120603561,-1147.4051196098358
2022-07-27,110340.10194920539,-104.41437644005168
2022-07-28,112601.74866539954,2157.2323397541013
2022-07-29,115342.27104638098,4897.7547207355465
2022-08-01,114080.71162208557,2339.9535623550414
2022-08-02,114022.79987567902,2282.0418159484866
2022-08-03,115210.11783370972,3469.359773979187
2022-08-04,117263.22888889312,5522.4708291625975
2022-08-05,116499.17199562074,4758.4139358901975
2022-08-08,117393.93901763915,5653.18095790863
2022-08-09,117753.06317752838,6012.305117797851
2022-08-10,119172.90069824219,7432.142638511657
2022-08-11,121852.66495738983,10111.9068976593
2022-08-12,124613.4639761734,12872.70591644287
2022-08-15,126372.77519500731,14632.017135276794
2022-08-16,126862.31894641876,15121.560886688232
2022-08-17,125823.6241398239,14082.866080093383
2022-08-18,126550.16148620605,14809.403426475525
2022-08-19,126118.4856980133,14377.727638282777
2022-08-22,123502.91736965178,11762.159309921264
2022-08-23,122902.46850833892,11161.710448608399
2022-08-24,123864.58860961912,12123.830549888611
2022-08-25,126566.26240509033,14825.504345359801
2022-08-26,125209.1152873993,13468.357227668763
2022-08-29,125269.2689063263,13528.510846595764
2022-08-30,122871.08304603577,11130.324986305237
2022-08-31,123022.63142555236,11281.873365821837
2022-09-01,123874.13141040801,0.0
2022-09-02,122160.36432468414,-1713.767085723877
2022-09-06,121974.03661521911,-1900.0947951889038
2022-09-07,125780.45907577514,1906.3276653671264
2022-09-08,125942.89670455933,2068.765294151306
2022-09-09,126742.60481582642,2868.473405418396
2022-09-12,127912.068158226,4037.936747817993
2022-09-13,123654.58406948089,-219.547340927124
2022-09-14,124738.60089824678,864.4694878387452
2022-09-15,121034.40314422609,-2839.728266181946
2022-09-16,121088.83723617555,-2785.294174232483
2022-09-19,121564.08979511261,-2310.0416152954103
2022-09-20,119703.16455623627,-4170.966854171753
2022-09-21,118250.94404758453,-5623.187362823486
2022-09-22,117592.58298637389,-6281.548424034119
2022-09-23,116700.62763175965,-7173.503778648376
2022-09-26,113616.87868831634,-10257.252722091675
2022-09-27,111541.47888671875,-12332.65252368927
2022-09-28,112335.91885482788,-11538.21255558014
2022-09-29,107671.48588352204,-16202.645526885986
2022-09-30,105779.5754951477,-18094.555915260316
2022-10-03,108765.64601394653,-10441.572166175845
2022-10-04,111372.441130867,-7834.7770492553755
2022-10-05,108164.31296211242,-11042.905218009952
2022-10-06,104903.42502292633,-14303.793157196047
2022-10-07,103012.48549644469,-16194.732683677677
2022-10-10,104013.39728237152,-15193.820897750858
2022-10-11,104636.83191925049,-14570.386260871892
2022-10-12,100844.43963638306,-18362.77854373932
2022-10-13,103569.23674594879,-15637.981434173587
2022-10-14,101365.9160892868,-17841.302090835576
2022-10-17,103238.64182796478,-15968.576352157595
2022-10-18,105053.9485136795,-14153.269666442873
2022-10-19,103905.61321941375,-15301.60496070862
2022-10-20,101220.91100057602,-17986.30717954636
2022-10-21,103363.66064369201,-15843.557536430362
2022-10-24,103458.30540782928,-15748.912772293093
2022-10-25,105566.53573703766,-13640.68244308472
2022-10-26,105676.53456241608,-13530.683617706301
2022-10-27,106286.58018482209,-12920.637995300294
2022-10-28,109246.99796146393,-9960.22021865845
2022-10-31,108581.52907894133,-10625.689101181033
2022-11-01,108568.30945762634,0.0
2022-11-02,108174.54841777802,-393.76103984832764
2022-11-03,108694.97090530396,126.66144767761222
2022-11-04,109344.09526168824,775.7858040618895
2022-11-07,107854.4697467041,-713.8397109222414
2022-11-08,108718.21066944124,149.9012118148803
2022-11-09,107618.31206958772,-949.9973880386353
2022-11-10,112214.54109008788,3646.2316324615476
2022-11-11,110585.3621485901,2017.0526909637454
2022-11-14,109308.54977973938,740.240322113037
2022-11-15,110281.81580574036,1713.5063481140137
2022-11-16,111315.77632411956,2747.466866493225
2022-11-17,109019.50802791596,451.19857028961195
2022-11-18,111854.12860244751,3285.8191448211674
2022-11-21,112116.24698955537,3547.937531929016
2022-11-22,112630.2719114685,4061.962453842163
2022-11-23,113671.44771110534,5103.138253479004
2022-11-25,114387.05000350953,5818.740545883179
2022-11-28,112938.12073223115,4369.811274604797
2022-11-29,112456.21947288513,3887.9100152587894
2022-11-30,115527.97952930452,6959.670071678162
2022-12-01,115568.45734180452,1605.3263895034795
2022-12-02,115167.2318315506,1204.1008792495734
2022-12-05,114259.8258518219,296.6948995208745
2022-12-06,114382.18817230224,419.05722000122137
2022-12-07,115018.55164848329,1055.4206961822517
2022-12-08,116828.94834842681,2865.817396125794
2022-12-09,116895.09251247408,2931.9615601730347
2022-12-12,119990.85867675782,6027.727724456789
2022-12-13,120165.3515261841,6202.220573883058
2022-12-14,119525.00959323884,5561.878640937806
2022-12-15,118665.70940986634,4702.578457565309
2022-12-16,117407.96973869324,3444.8387863922126
2022-12-19,117369.40479553223,3406.2738432312017
2022-12-20,118108.11931228638,4144.988359985353
2022-12-21,119786.0657157898,5822.934763488771
2022-12-22,119815.67144348146,5852.540491180421
2022-12-23,121042.61910243989,7079.488150138855
2022-12-27,122067.32185092926,8104.190898628236
2022-12-28,121346.54648952486,7383.4155372238165
2022-12-29,121958.62456447602,7995.493612174989
2022-12-30,120924.41810066224,6961.287148361207
2023-01-03,122086.8951850891,1657.4696544647175
2023-01-04,123190.52925624847,2761.10372562408
2023-01-05,121128.07633890152,698.650808277126
2023-01-06,122507.55614141464,2078.1306107902487
2023-01-09,123134.64990463256,2705.2243740081744
2023-01-10,123113.57981924056,2684.154288616176
2023-01-11,123255.1702597618,2825.7447291374165
2023-01-12,124132.70444566726,3703.278915042873
2023-01-13,123603.9477168846,3174.5221862602193
2023-01-17,122800.27172470093,2370.8461940765337
2023-01-18,120923.96323768616,494.5377070617635
2023-01-19,119788.21264469146,-641.2128859329266
2023-01-20,122628.27399204254,2198.848461418148
2023-01-23,123817.62971981047,3388.2041891860918
2023-01-24,123997.3499158287,3567.924385204311
2023-01-25,123958.93342758178,3529.5078969573933
2023-01-26,125791.13392295837,5361.708392333981
2023-01-27,126385.45099702835,5956.025466403957
2023-01-30,124211.48978839873,3782.064257774349
2023-01-31,127645.41367658615,7215.988145961757
2023-02-01,127634.9428554535,1737.1895237731967
2023-02-02,128895.12950187683,2997.376170196537
2023-02-03,126338.30394889832,440.550617218021
2023-02-06,127141.04996192933,1243.296630249027
2023-02-07,128383.57687705994,2485.8235453796424
2023-02-08,126148.2261733246,250.4728416442905
2023-02-09,124740.18969543457,-1157.5636362457244
2023-02-10,127710.39849113465,1812.645159454349
2023-02-13,128020.29411865235,2122.5407869720493
2023-02-14,128192.53773239136,2294.784400711063
2023-02-15,129262.59678527832,3364.843453598026
2023-02-16,128640.3774861908,2742.6241545105013
2023-02-17,128774.96641525268,2877.213083572391
2023-02-21,124589.43425735473,-1308.3190743255582
2023-02-22,123278.85769874573,-2618.895632934567
2023-02-23,123413.77523208619,-2483.978099594113
2023-02-24,123644.07647895813,-2253.6768527221648
2023-02-27,122368.57115264895,-3529.182179031369
2023-02-28,118885.12829933167,-7012.625032348629
2023-03-01,117109.79577789307,4.93464824558032e-12
2023-03-02,118929.62929290772,1819.8335150146534
2023-03-03,120093.57231914521,2983.776541252141
2023-03-06,120039.44952121735,2929.6537433242847
2023-03-07,117609.02034046174,499.2245625686694
2023-03-08,118860.68051177979,1750.8847338867236
2023-03-09,117857.5813740158,747.7855961227467
2023-03-10,115763.51094295502,-1346.2848349380445
2023-03-13,118817.61720916748,1707.821431274419
2023-03-14,120046.02581176758,2936.2300338745167
2023-03-15,122853.43398654938,5743.638208656316
2023-03-16,123683.6941520691,6573.89837417603
2023-03-17,122973.82970001221,5864.033922119145
2023-03-20,123961.2866374588,6851.49085956574
2023-03-21,120380.77681499481,3270.9810371017506
2023-03-22,117783.84007457734,674.04429668427
2023-03-23,116883.6139548111,-226.18182308196538
2023-03-24,121114.15101402282,4004.355236129766
2023-03-27,120511.03868659973,3401.2429087066703
2023-03-28,120954.41755786896,3844.621779975896
2023-03-29,123148.90494434358,6039.109166450506
2023-03-30,123943.47525844575,6833.679480552679
2023-03-31,124823.2744694519,7713.478691558843
2023-04-03,123793.13934925079,0.0
2023-04-04,124019.49565723419,226.35630798339844
2023-04-05,125579.90093746185,1786.7615882110595
2023-04-06,126830.01534749987,3036.8759982490537
2023-04-10,127821.20190231325,4028.0625530624393
2023-04-11,128738.332672863,4945.193323612213
2023-04-12,128199.42964519502,4406.290295944214
2023-04-13,129124.60541391373,5331.466064662934
2023-04-14,127244.92916316986,3451.7898139190675
2023-04-17,126135.11340074541,2341.974051494599
2023-04-18,125009.23968097687,1216.1003317260743
2023-04-19,125345.22828041078,1552.088931159973
2023-04-20,125016.7942624283,1223.6549131774902
2023-04-21,125656.36842924118,1863.2290799903872
2023-04-24,126190.98926488878,2397.8499156379703
2023-04-25,125338.78361827851,1545.64426902771
2023-04-26,122475.66422851563,-1317.4751207351683
2023-04-27,124751.83579072953,958.6964414787294
2023-04-28,125392.5837110138,1599.4443617630006
2023-05-01,124313.59175033569,-627.2937212562504
2023-05-02,122895.08098861694,-2045.8044829750006
2023-05-03,122666.54359397887,-2274.341877613062
2023-05-04,124236.2628225708,-704.6226490211434
2023-05-05,125907.0240585327,966.1385869407707
2023-05-08,123114.60015068053,-1826.2853209114023
2023-05-09,124053.9720967102,-886.913374881739
2023-05-10,125695.24227531432,754.3568037223868
2023-05-11,124381.41371940612,-559.4717521858165
2023-05-12,124994.03983528136,53.15436368942778
2023-05-15,124309.95458564757,-630.9308859443611
2023-05-16,120864.70370437621,-4076.1817672157235
2023-05-17,121998.2275653076,-2942.657906284327
2023-05-18,122007.9115663147,-2932.973905277247
2023-05-19,122168.9973021698,-2771.888169422144
2023-05-22,123599.56286689758,-1341.322604694361
2023-05-23,123169.4467086792,-1771.438762912745
2023-05-24,121686.82895858763,-3254.056513004298
2023-05-25,120079.49496147156,-4861.390510120386
2023-05-26,120198.52614723206,-4742.359324359889
2023-05-30,120481.77142433167,-4459.114047260279
2023-05-31,120785.75196472168,-4155.133506870265
2023-06-01,123217.61108001709,-6732.961932315821
2023-06-02,125265.90940803528,-4684.663604297633
2023-06-05,125872.13247051238,-4078.440541820521
2023-06-06,126609.14471889497,-3341.4282934379526
2023-06-07,129976.00606132508,25.43304899216173
2023-06-08,129534.64432106019,-415.9286912727305
2023-06-09,127977.57347713472,-1972.999535198207
2023-06-12,127814.11282882691,-2136.4601835060066
2023-06-13,128729.86570831298,-1220.7073040199225
2023-06-14,128598.89971931459,-1351.6732930183357
2023-06-15,131072.41826595308,1121.845253620153
2023-06-16,131784.9998714447,1834.4268591117911
2023-06-20,130109.54342205048,158.97040971756496
2023-06-21,130499.68388210298,549.1108697700549
2023-06-22,129825.86758033754,-124.70543199538656
2023-06-23,127236.4868195343,-2714.0861927986093
2023-06-26,129277.85914173127,-672.7138706016494
2023-06-27,129749.53320365906,-201.03980867385349
2023-06-28,126543.06489543915,-3407.508116893763
2023-06-29,127230.5209336853,-2720.052078647608
2023-06-30,128541.73824623108,-1408.834766101832
2023-07-03,129707.66366207122,0.0
2023-07-05,131567.84424468994,1860.1805826187133
2023-07-06,131056.92388877868,1349.2602267074585
2023-07-07,129839.1265858078,131.46292373657224
2023-07-10,128858.39644660949,-849.2672154617309
2023-07-11,130273.42860935211,565.7649472808838
2023-07-12,131316.1476938629,1608.484031791687
2023-07-13,132313.74758003233,2606.0839179611203
2023-07-14,132323.78434776305,2616.1206856918334
2023-07-17,130780.44269626617,1072.7790341949462
2023-07-18,130617.85122394562,910.1875618743896
2023-07-19,132526.7125221634,2819.0488600921626
2023-07-20,135548.9385299301,5841.274867858887
2023-07-21,136702.94017532349,6995.276513252258
2023-07-24,136820.75023017882,7113.086568107605
2023-07-25,137009.38219444273,7301.71853237152
2023-07-26,136945.01778564454,7237.354123573303
2023-07-27,134282.61463306425,4574.950970993042
2023-07-28,134085.50256622315,4377.838904151917
2023-07-31,133354.1779749298,3646.5143128585814
2023-08-01,131903.9923889923,-89.24205081939317
2023-08-02,132012.4622871399,19.227847328189796
2023-08-03,128505.32469726563,-3487.9097425460777
2023-08-04,126895.36922622682,-5097.865213584896
2023-08-07,125943.01375087738,-6050.220688934323
2023-08-08,125870.15475017548,-6123.079689636227
2023-08-09,126413.27219486237,-5579.962244949337
2023-08-10,126092.07474155427,-5901.159698257443
2023-08-11,126631.54887104034,-5361.685568771359
2023-08-14,125503.75344055175,-6489.480999259945
2023-08-15,123506.93865215303,-8486.295787658688
2023-08-16,123899.57177261353,-8093.662667198178
2023-08-17,123470.34265991212,-8522.891779899594
2023-08-18,123805.87785797118,-8187.356581840511
2023-08-21,122945.24601230622,-9047.98842750549
2023-08-22,123237.71869380953,-8755.515746002195
2023-08-23,123589.30460643768,-8403.929833374019
2023-08-24,122507.1672624588,-9486.067177352903
2023-08-25,123621.15103443147,-8372.083405380245
2023-08-28,123778.2645205307,-8214.969919281002
2023-08-29,124049.73428382873,-7943.500155982968
2023-08-30,123502.72377109528,-8490.510668716428
2023-08-31,122390.21306064606,-9603.021379165646
2023-09-01,121257.88926048279,0.0
2023-09-05,119545.04132781982,-1712.8479326629638
2023-09-06,120504.37545637132,-753.5138041114808
2023-09-07,122308.64660728455,1050.7573468017576
2023-09-08,122931.94987894058,1674.0606184577941
2023-09-11,121999.4882181549,741.5989576721191
2023-09-12,122679.96334171295,1422.0740812301635
2023-09-13,124377.15473545075,3119.265474967957
2023-09-14,125536.8373105812,4278.948050098419
2023-09-15,125952.49918893815,4694.609928455353
2023-09-18,126015.75881790162,4757.869557418823
2023-09-19,126091.1944931984,4833.3052327156065
2023-09-20,126291.95217363359,5034.062913150788
2023-09-21,125294.07101633072,4036.1817558479306
2023-09-22,124907.87352130891,3649.984260826111
2023-09-25,124299.6976605797,3041.8084000968934
2023-09-26,120328.97631162644,-928.9129488563541
2023-09-27,118995.3849380684,-2262.5043224143983
2023-09-28,117365.06774885178,-3892.821511631012
2023-09-29,117467.31128212929,-3790.577978353501
2023-10-02,111545.77936832429,0.0
2023-10-03,111256.81597732546,-288.9633909988402
2023-10-04,110446.45149929047,-1099.3278690338136
2023-10-05,109090.81860305787,-2454.960765266419
2023-10-06,110525.85573482513,-1019.9236334991456
2023-10-09,110761.67623928071,-784.1031290435794
2023-10-10,113152.90705680847,1607.1276884841918
2023-10-11,115673.29916996002,4127.519801635743
2023-10-12,114056.09641822815,2510.3170499038697
2023-10-13,115515.70559944154,3969.926231117249
2023-10-16,116319.83950370789,4774.060135383606
2023-10-17,116403.49362358094,4857.714255256653
2023-10-18,114600.68962223054,3054.9102539062505
2023-10-19,112672.28565876008,1126.5062904357912
2023-10-20,111201.10100048066,-344.67836784362777
2023-10-23,110264.30138553621,-1281.4779827880857
2023-10-24,114888.14172336578,3342.3623550415045
2023-10-25,114986.26318687439,3440.4838185501108
2023-10-26,116487.19473121644,4941.415362892151
2023-10-27,113966.83765926362,2421.0582909393315
2023-10-30,115213.60416938782,3667.8248010635384
2023-10-31,116509.03667201997,4963.257303695679
2023-11-01,117382.69592868804,-294.971533126833
2023-11-02,120972.32949989318,3294.662038078306
2023-11-03,126109.43501998902,8431.767558174131
2023-11-06,128054.12464988708,10376.457188072203
2023-11-07,127652.18468925476,9974.517227439877
2023-11-08,127278.52727153778,9600.859809722899
2023-11-09,124553.87642864228,6876.208966827391
2023-11-10,124063.2912468338,6385.623785018919
2023-11-13,122745.86132411957,5068.193862304685
2023-11-14,129645.46188125611,11967.794419441221
2023-11-15,131351.34458118438,13673.677119369506
2023-11-16,131350.02803432464,13672.360572509764
2023-11-17,132369.90546833037,14692.238006515501
2023-11-20,131400.50991886138,13722.842457046507
2023-11-21,131846.21224536895,14168.544783554076
2023-11-22,132473.05601509096,14795.388553276061
2023-11-24,133103.23295482635,15425.565493011472
2023-11-27,132457.88924365997,14780.221781845092
2023-11-28,133170.8168960953,15493.149434280393
2023-11-29,132932.25254917145,15254.585087356565
2023-11-30,132205.22572277067,14527.558260955808
2023-12-01,134666.01760709763,0.0
2023-12-04,134398.54571397783,-267.4718931198121
2023-12-05,133285.9626871109,-1380.054919986725
2023-12-06,136290.74259357454,1624.7249864768983
2023-12-07,135978.8885390091,1312.8709319114687
2023-12-08,135492.69885631563,826.6812492179871
2023-12-11,135925.71092596056,1259.693318862915
2023-12-12,135415.3339871788,749.3163800811768
2023-12-13,140935.99258821487,6269.974981117249
2023-12-14,136972.17093667985,2306.1533295822146
2023-12-15,132883.8394206238,-1782.178186473846
2023-12-18,131152.98154069902,-3513.0360663986203
2023-12-19,132947.64759464265,-1718.370012454986
2023-12-20,130156.30058080674,-4509.717026290893
2023-12-21,130205.03233194351,-4460.985275154114
2023-12-22,130897.37461147309,-3768.642995624542
2023-12-26,131865.5818808365,-2800.435726261139
2023-12-27,131751.14002275467,-2914.877584342956
2023-12-28,133054.09756628037,-1611.92004081726
2023-12-29,132899.24599393847,-1766.7716131591792
2024-01-02,134829.74380187987,-2901.251535644535
2024-01-03,134768.2448364258,-2962.750501098637
2024-01-04,134900.33761749268,-2830.6577200317424
2024-01-05,135349.44727355958,-2381.5480639648476
2024-01-08,136286.90013679504,-1444.0952007293743
2024-01-09,135234.15541007995,-2496.8399274444623
2024-01-10,135102.39686111448,-2628.598476409916
2024-01-11,132079.4771080017,-5651.518229522709
2024-01-12,131853.46516990662,-5877.530167617801
2024-01-16,130131.52595024108,-7599.469387283329
2024-01-17,129467.95098388672,-8263.044353637699
2024-01-18,128317.24840179444,-9413.746935729983
2024-01-19,128004.5330437851,-9726.462293739321
2024-01-22,127380.3208795929,-10350.674457931522
2024-01-23,127488.72933124541,-10242.266006278995
2024-01-24,125384.01140285491,-12346.983934669497
2024-01-25,128295.1931236267,-9435.802213897708
2024-01-26,129174.2407156372,-8556.75462188721
2024-01-29,129009.04834514618,-8721.946992378238
2024-01-30,128956.48537391663,-8774.509963607792
2024-01-31,127983.56122737884,-9747.434110145572
2024-02-01,129524.83292388916,-2002.3623893737831
2024-02-02,127481.58000556944,-4045.615307693485
2024-02-05,125966.76352428435,-5560.43178897858
2024-02-06,127131.95546211241,-4395.239851150516
2024-02-07,127391.37037826538,-4135.824934997562
2024-02-08,126286.79538204192,-5240.399931221012
2024-02-09,127052.98778739928,-4474.2075258636505
2024-02-12,128504.30849193572,-3022.886821327213
2024-02-13,126046.57734157561,-5480.61797168732
2024-02-14,126657.8668188095,-4869.328494453434
2024-02-15,129142.76627216338,-2384.429041099552
2024-02-16,128764.43273944853,-2762.7625738143956
2024-02-20,128643.49365375517,-2883.701659507755
2024-02-21,130529.72579204559,-997.4695212173501
2024-02-22,128895.97468582152,-2631.22062744141
2024-02-23,129407.62061847685,-2119.5746947860753
2024-02-26,127595.4239729309,-3931.7713403320354
2024-02-27,129520.6028980255,-2006.5924152374305
2024-02-28,130350.27078662871,-1176.92452663422
2024-02-29,130216.87835212707,-1310.316961135868
2024-03-01,130393.66024298668,-1675.2782924652113
2024-03-04,134118.05063689232,2049.1121014404284
2024-03-05,131343.6209812832,-725.3175541687021
2024-03-06,131738.20557941438,-330.7329560375225
2024-03-07,132352.81669661522,283.8781611633288
2024-03-08,133402.07616965292,1333.1376342010487
2024-03-11,136138.3840048027,4069.445469350814
2024-03-12,133572.05389635087,1503.1153608989703
2024-03-13,133183.1971920395,1114.2586565875995
2024-03-14,131234.32883913995,-834.6096963119526
2024-03-15,130788.01325173378,-1280.9252837181107
2024-03-18,130500.11880674362,-1568.819728708269
2024-03-19,132978.18020317078,909.2416677188862
2024-03-20,133143.74274795532,1074.8042125034317
2024-03-21,133557.0141976738,1488.0756622219074
2024-03-22,134710.40424322127,2641.465707769393
2024-03-25,135263.83798916818,3194.899453716277
2024-03-26,135449.77006379128,3380.831528339385
2024-03-27,139892.70369749068,7823.765162038802
2024-03-28,142387.3548076439,10318.416272192
2024-04-01,141606.73342603684,2302.2622243499745
2024-04-02,142395.47486852645,3091.003666839599
2024-04-03,142213.82916103365,2909.3579593467703
2024-04-04,142101.16090055465,2796.6896988677972
2024-04-05,141840.65412431717,2536.182922630309
2024-04-08,142917.50458997727,3613.0333882904047
2024-04-09,144405.41983314516,5100.948631458282
2024-04-10,141697.25520761491,2392.7840059280384
2024-04-11,140563.0327729225,1258.5615712356557
2024-04-12,140158.18131219863,853.7101105117795
2024-04-15,139044.56815229414,-259.9030493927007
2024-04-16,136889.04266724587,-2415.4285344409955
2024-04-17,139261.27078142166,-43.20042026519832
2024-04-18,140817.04583810805,1512.5746364212032
2024-04-19,143009.83463859558,3705.3634369087217
2024-04-22,143797.78660045625,4493.315398769378
2024-04-23,144340.71371847152,5036.242516784668
2024-04-24,145092.8511644554,5788.379962768554
2024-04-25,145082.80223773955,5778.331036052704
2024-04-26,143735.39327505112,4430.922073364257
2024-04-29,145439.9691598892,6135.497958202362
2024-04-30,144363.779019413,5059.307817726134
2024-05-01,146114.5559501648,4195.378386001581
2024-05-02,146804.2188092804,4885.0412451171815
2024-05-03,149877.10382019042,7957.9262560272155
2024-05-06,150612.00133888243,8692.823774719232
2024-05-07,152336.38050224303,10417.202938079827
2024-05-08,154823.67712638853,12904.499562225334
2024-05-09,157889.59933883668,15970.421774673454
2024-05-10,157463.74455566407,15544.566991500848
2024-05-13,157367.55368888855,15448.376124725335
2024-05-14,157984.98678726197,16065.809223098748
2024-05-15,160234.6892038727,18315.511639709468
2024-05-16,158753.15983062744,16833.982266464227
2024-05-17,157523.50553840637,15604.327974243159
2024-05-20,158430.04236457823,16510.86480041503
2024-05-21,161383.30348220826,19464.125918045036
2024-05-22,158695.88005477906,16776.70249061584
2024-05-23,156327.6236039734,14408.446039810173
2024-05-24,158918.15327934263,16998.975715179437
2024-05-28,159122.5055857849,17203.328021621695
2024-05-29,155148.90874435424,13229.731180191033
2024-05-30,157966.6678765869,16047.490312423699
2024-05-31,158608.3986982727,16689.221134109488
2024-06-03,155586.07615509033,0.0
2024-06-04,156327.82513267515,741.7489775848387
2024-06-05,154262.3609598541,-1323.7151952362058
2024-06-06,153854.8551167297,-1731.2210383605952
2024-06-07,152510.49835380554,-3075.5778012847895
2024-06-10,152865.16219955444,-2720.913955535888
2024-06-11,153163.33939170834,-2422.7367633819576
2024-06-12,152606.91732788086,-2979.1588272094723
2024-06-13,152011.15170318604,-3574.924451904297
2024-06-14,152291.77343872067,-3294.302716369628
2024-06-17,152240.29894233702,-3345.7772127532953
2024-06-18,152205.60594291685,-3380.4702121734613
2024-06-20,153670.47431251526,-1915.6018425750729
2024-06-21,152044.40923400878,-3541.6669210815426
2024-06-24,154175.38174003598,-1410.6944150543209
2024-06-25,152138.70010414123,-3447.3760509490958
2024-06-26,151827.31827095032,-3758.7578841400136
2024-06-27,152791.36881324765,-2794.7073418426507
2024-06-28,152963.30306724546,-2622.7730878448483
2024-07-01,151615.5553223419,0.0
2024-07-02,151641.61309604644,26.057773704528802
2024-07-03,152492.1040657425,876.5487434005737
2024-07-05,152160.68693935394,545.1316170120239
2024-07-08,151610.3209719467,-5.234350395202682
2024-07-09,152606.5088967514,990.9535744094846
2024-07-10,153790.66428890228,2175.1089665603636
2024-07-11,156787.5544013214,5171.999078979492
2024-07-12,157925.87491886137,6310.31959651947
2024-07-15,156023.45470596314,4407.899383621216
2024-07-16,157417.26285442352,5801.707532081604
2024-07-17,161641.16814426423,10025.612821922303
2024-07-18,161419.45796646117,9803.902644119262
2024-07-19,160959.5877365875,9344.032414245605
2024-07-22,162066.28441921234,10450.729096870422
2024-07-23,159879.52003822327,8263.964715881348
2024-07-24,164228.53694583895,12612.98162349701
2024-07-25,164775.2416176605,13159.686295318603
2024-07-26,166270.28204532622,14654.726722984315
2024-07-29,167112.9367028427,15497.381380500792
2024-07-30,169241.14982517244,17625.594502830507
2024-07-31,167909.4690987015,16293.913776359557
2024-08-01,171661.3531239319,0.0
2024-08-02,163360.96842956543,-8300.384694366456
2024-08-05,161110.7458187485,-10550.60730518341
2024-08-06,166143.21602230074,-5518.137101631165
2024-08-07,166099.06762493134,-5562.285499000549
2024-08-08,174388.49737392427,2727.144249992371
2024-08-09,177496.04315288545,5834.690028953552
2024-08-12,175914.2111820984,4252.858058166503
2024-08-13,177484.48624412538,5823.133120193483
2024-08-14,176613.3029153061,4951.949791374207
2024-08-15,178884.7518752289,7223.398751296997
2024-08-16,178611.84278678894,6950.489662857056
2024-08-19,179685.37530513766,8024.02218120575
2024-08-20,178222.17860683444,6560.825482902527
2024-08-21,181487.8471344376,9826.494010505676
2024-08-22,181848.1878749466,10186.83475101471
2024-08-23,182797.42554439546,11136.072420463563
2024-08-26,183799.69067985535,12138.337555923463
2024-08-27,184168.39490146638,12507.041777534485
2024-08-28,180769.81122989656,9108.45810596466
2024-08-29,182569.82827201844,10908.475148086549
2024-08-30,185610.79791751862,13949.444793586732
2024-09-03,175782.23986154556,-730.1439498519923
2024-09-04,176701.2053504944,188.82153909682972
2024-09-05,176457.51633289337,-54.867478504183396
2024-09-06,171838.3423093033,-4674.041502094271
2024-09-09,172747.7366259575,-3764.647185440066
2024-09-10,175642.7921886635,-869.5916227340724
2024-09-11,183763.37216314318,7250.988351745604
2024-09-12,184787.2430731583,8274.85926176071
2024-09-13,188974.97102899553,12462.58721759796
2024-09-16,192292.10926244737,15779.725451049804
2024-09-17,193983.04702192306,17470.663210525512
2024-09-18,193521.27753538132,17008.893723983765
2024-09-19,195066.39922672271,18554.015415325164
2024-09-20,210208.55691276552,33696.17310136795
2024-09-23,214002.40935548785,37490.02554409027
2024-09-24,211538.27316570282,35025.88935430527
2024-09-25,215967.9067001152,39455.52288871765
2024-09-26,215025.5248134041,38513.14100200653
2024-09-27,216944.06723184587,40431.6834204483
2024-09-30,218588.185854702,42075.802043304444
2024-10-01,221462.75163978577,0.0
2024-10-02,221418.25524902344,-44.49639076232904
2024-10-03,219869.57107467653,-1593.180565109253
2024-10-04,216449.95208145143,-5012.799558334351
2024-10-07,210486.21137527467,-10976.54026451111
2024-10-08,210625.822664032,-10836.928975753784
2024-10-09,210017.70037979126,-11445.051259994507
2024-10-10,210634.8379523468,-10827.913687438966
2024-10-11,212954.64899795532,-8508.102641830445
2024-10-14,214813.00784500124,-6649.7437947845465
2024-10-15,216947.16044914245,-4515.59119064331
2024-10-16,219768.36556678772,-1694.386072998047
2024-10-17,218969.7254248047,-2493.0262149810796
2024-10-18,220353.9564392853,-1108.7952005004886
2024-10-21,218965.01382995606,-2497.7378098297118
2024-10-22,219344.93981483462,-2117.8118249511717
2024-10-23,221448.06469345093,-14.686946334838808
2024-10-24,219532.49938087462,-1930.2522589111331
2024-10-25,216148.3220021057,-5314.429637680054
2024-10-28,216650.16164588928,-4812.589993896485
2024-10-29,212807.3747731781,-8655.376866607665
2024-10-30,212564.59540138245,-8898.15623840332
2024-10-31,214826.03498283387,-6636.716656951904
2024-11-01,210293.1152127075,-4900.432535400387
2024-11-04,209517.34045684815,-5676.207291259761
2024-11-05,211876.70767601012,-3316.8400720977747
2024-11-06,208826.15833297727,-6367.389415130611
2024-11-07,208812.84322738647,-6380.704520721431
2024-11-08,212441.08457427978,-2752.463173828121
2024-11-11,212478.90509864804,-2714.642649459835
2024-11-12,210571.43987533567,-4622.107872772213
2024-11-13,209609.8905931854,-5583.657154922481
2024-11-14,208687.35183624265,-6506.19591186523
2024-11-15,212326.03361846923,-2867.5141296386673
2024-11-18,214243.76689178467,-949.7808563232379
2024-11-19,216198.47441337584,1004.9266652679482
2024-11-20,216706.0884760284,1512.5407279205358
2024-11-21,218807.6771521759,3614.129404067997
2024-11-22,216817.32816070554,1623.7804125976604
2024-11-25,217937.48912582395,2743.9413777160685
2024-11-26,218881.1390368652,3687.5912887573277
2024-11-27,220366.73324737546,5173.185499267582
2024-11-29,219009.95110725402,3816.403359146121
2024-12-02,214694.20026140218,-4707.217225799562
2024-12-03,213397.23757233622,-6004.179914865495
2024-12-04,213341.27209484103,-6060.145392360689
2024-12-05,213575.03122960092,-5826.386257600785
2024-12-06,211508.35119507794,-7893.066292123796
2024-12-09,213157.373105402,-6244.044381799698
2024-12-10,212995.18377241137,-6406.233714790345
2024-12-11,212233.55446082118,-7167.863026380541
2024-12-12,211254.90941365244,-8146.508073549272
2024-12-13,210184.10975038534,-9217.307736816409
2024-12-16,207955.49717113498,-11445.920316066742
2024-12-17,206077.18198152544,-13324.235505676272
2024-12-18,199908.7143490696,-19492.7031381321
2024-12-19,198565.97461605075,-20835.44287115097
2024-12-20,204511.1155844784,-14890.301902723315
2024-12-23,205633.23824437143,-13768.17924283028
2024-12-24,205670.85952116014,-13730.557966041568
2024-12-26,204408.14553206446,-14993.271955137254
2024-12-27,203212.30459236147,-16189.112894840244
2024-12-30,201782.86024120334,-17618.557245998385
2024-12-31,203059.1076712227,-16342.309815979006
2025-01-02,203370.6115803528,-10915.288513565056
2025-01-03,203687.29168899538,-10598.60840492248
2025-01-06,200916.15042358398,-13369.749670333855
2025-01-07,200555.52977630618,-13730.370317611687
2025-01-08,203453.88248962403,-10832.017604293815
2025-01-10,200579.7656692505,-13706.13442466735
2025-01-13,201216.7440905762,-13069.156003341668
2025-01-14,202877.93754714966,-11407.962546768182
2025-01-15,204325.29983551026,-9960.600258407585
2025-01-16,208670.04335739138,-5615.856736526481
2025-01-17,209897.71282379152,-4388.187270126335
2025-01-21,210099.85166290286,-4186.048431015006
2025-01-22,203870.11567642214,-10415.78441749572
2025-01-23,203719.26544586182,-10566.634648056022
2025-01-24,204505.59795410157,-9780.302139816276
2025-01-27,214823.5306503296,537.630556411752
2025-01-28,209254.77839813233,-5031.121695785514
2025-01-29,206904.52447891235,-7381.375615005487
2025-01-30,209295.23066375736,-4990.669430160515
2025-01-31,208932.61437683107,-5353.285717086784
2025-02-03,210500.717829237,0.0
2025-02-04,208974.72976497654,-1525.988064260483
2025-02-05,211678.34626470567,1177.6284354686734
2025-02-06,211531.8113188839,1031.0934896469116
2025-02-07,207179.64006295206,-3321.077766284943
2025-02-10,209993.3372918415,-507.3805373954774
2025-02-11,208044.58490124706,-2456.13292798996
2025-02-12,210786.6441124344,285.9262831974029
2025-02-13,208728.94356847764,-1771.7742607593536
2025-02-14,202807.67808033945,-7693.039748897553
2025-02-18,207427.0962015057,-3073.6216277313238
2025-02-19,210757.18244254112,256.4646133041383
2025-02-20,211969.16055173875,1468.4427225017546
2025-02-21,213194.8572823811,2694.1394531440737
2025-02-24,214219.39129403117,3718.673464794159
2025-02-25,214672.6739983082,4171.956169071198
2025-02-26,216177.01948939328,5676.30166015625
2025-02-27,210199.32768098832,-301.39014824867263
2025-02-28,224403.67758475305,13902.959755516054
2025-03-03,222850.92907562255,0.0
2025-03-04,223482.60794258118,631.6788669586181
2025-03-05,224988.3578668213,2137.4287911987303
2025-03-06,212006.69542251586,-10844.23365310669
2025-03-07,212428.6308718872,-10422.29820373535
2025-03-10,209230.53838256834,-13620.3906930542
2025-03-11,212004.72157089232,-10846.207504730224
2025-03-12,217635.96759368895,-5214.961481933593
2025-03-13,214298.62316818238,-8552.305907440186
2025-03-14,222263.43533302308,-587.4937425994872
2025-03-17,224885.09704551694,2034.167969894409
2025-03-18,223411.07163017272,560.1425545501709
2025-03-19,227874.05558288575,5023.126507263183
2025-03-20,228927.99239562987,6077.063320007324
2025-03-21,227359.78357070923,4508.85449508667
2025-03-24,231053.29294067383,8202.36386505127
2025-03-25,226218.222882843,3367.293807220459
2025-03-26,223378.2512992096,527.3222235870362
2025-03-27,219060.64025405885,-3790.2888215637204
2025-03-28,219400.87057556154,-3450.0585000610354
2025-03-31,220758.34882064819,-2092.5802549743653
2025-04-01,224720.90796844484,-93.27752433777209
2025-04-02,231814.9944382477,7000.808945465085
2025-04-03,209212.6571813202,-15601.528311462407
2025-04-04,190945.980797081,-33868.2046957016
2025-04-07,194905.35264587402,-29908.832846908575
2025-04-08,196322.9215229416,-28491.263969841006
2025-04-09,221539.2657611847,-3274.9197315979036
2025-04-10,210991.29522979737,-13822.890262985233
2025-04-11,215329.83391586304,-9484.351576919558
2025-04-14,216858.95510002138,-7955.230392761234
2025-04-15,219870.65764266968,-4943.527850112919
2025-04-16,218594.29835762025,-6219.887135162357
2025-04-17,219982.73440269468,-4831.451090087894
2025-04-21,208749.30204048156,-16064.88345230103
2025-04-22,217423.10157875062,-7391.083914031986
2025-04-23,226213.88745025636,1399.701957473751
2025-04-24,233063.9390977478,8249.753604965206
2025-04-25,236487.17220581055,11672.98671302795
2025-04-28,239940.1474144745,15125.961921691893
2025-04-29,240089.1543577576,15274.968864974973
2025-04-30,238054.10165763856,13239.916164855955
2025-05-01,248745.21345047,0.0
2025-05-02,252831.76421058655,4086.5507601165777
2025-05-05,251064.4935662079,2319.2801157379154
2025-05-06,254539.82969947817,5794.61624900818
2025-05-07,254497.47400672914,5752.260556259156
2025-05-08,259709.0582576752,10963.844807205202
2025-05-09,264137.9198994446,15392.706448974612
2025-05-12,269683.30460014346,20938.091149673466
2025-05-13,276890.95817176823,28145.744721298222
2025-05-14,276425.17306175234,27679.959611282353
2025-05-15,279599.9665526581,30854.753102188115
2025-05-16,279477.5309226227,30732.317472152718
2025-05-19,274385.83414268494,25640.62069221497
2025-05-20,270738.04982444766,21992.836373977665
2025-05-21,256325.33892601015,7580.125475540162
2025-05-22,245836.06126968385,-2909.1521807861336
2025-05-23,251541.39893630985,2796.1854858398438
2025-05-27,253234.15499313356,4488.941542663574
2025-05-28,247517.26284202578,-1227.9506084442141
2025-05-29,254207.37225280763,5462.158802337647
2025-05-30,258172.06317115788,9426.849720687867
2025-06-02,259660.8085303307,1916.641778564457
2025-06-03,260773.30544638637,3029.1386946201364
2025-06-04,257586.208508606,-157.95824316024414
2025-06-05,260064.66921276093,2320.5024609947245
2025-06-06,263565.13347675325,5820.966724987035
2025-06-09,262644.9799906254,4900.813238859182
2025-06-10,267815.1452885056,10070.978536739354
2025-06-11,269373.911036644,11629.744284877783
2025-06-12,271889.8689010811,14145.702149314886
2025-06-13,270859.68753120425,13115.520779438026
2025-06-16,267871.1287034035,10126.961951637275
2025-06-17,259198.18690873147,1454.02015696526
2025-06-18,258190.47546315193,446.30871138573093
2025-06-20,257773.37129506114,29.204543294910764
2025-06-23,256718.03511610033,-1026.13163566589
2025-06-24,258447.8322396088,703.6654878425643
2025-06-25,255517.94092130664,-2226.2258304595903
2025-06-26,259185.0717915249,1440.905039758687
2025-06-27,258017.18896535877,273.0222135925342
2025-06-30,258477.49636502267,733.3296132564592
2025-07-01,261650.69257707594,-2564.259168548585
2025-07-02,258666.49065544127,-5548.461090183259
2025-07-03,258352.40397524834,-5862.547770376206
2025-07-07,256112.18384387012,-8102.76790175438
2025-07-08,256598.20443359375,-7616.747312030793
2025-07-09,256722.24628910064,-7492.705456523896
2025-07-10,258337.21988803864,-5877.731857585908
2025-07-11,256942.65460824966,-7272.297137374879
2025-07-14,257769.70032686234,-6445.251418762207
2025-07-15,252905.4105675983,-11309.5411780262
2025-07-16,254878.22885239602,-9336.722893228532
2025-07-17,255915.79218099592,-8299.159564628602
2025-07-18,257931.46766257286,-6283.484083051682
2025-07-21,258315.4398346424,-5899.511910982133
2025-07-22,262625.21727211,-1589.7344735145582
2025-07-23,260303.18395715713,-3911.7677884674085
2025-07-24,259772.302834816,-4442.648910808564
2025-07-25,261256.58015268325,-2958.3715929412856
2025-07-28,258546.0157455444,-5668.93600008011
2025-07-29,261069.2868863678,-3145.6648592567453
2025-07-30,260763.2140421581,-3451.7377034664164
2025-07-31,261912.87985560414,-2302.0718900203715
2025-08-01,266599.7713175011,1867.3676120758055
2025-08-04,273340.71078557015,8608.307080144881
2025-08-05,271621.048823328,6888.645117902755
2025-08-06,270813.0650557232,6080.661350297927
2025-08-07,274411.3721092224,9678.96840379715
2025-08-08,274456.046195879,9723.64249045372
2025-08-11,275315.39131884574,10582.987613420486
2025-08-12,275161.10018816945,10428.696482744217
2025-08-13,275399.3470741176,10666.943368692399
2025-08-14,275505.29086333275,10772.887157907486
2025-08-15,277985.1180299854,13252.714324560166
2025-08-18,278106.0681968212,13373.66449139595
2025-08-19,283816.77125426295,19084.36754883766
2025-08-20,282140.80383999826,17408.400134572985
2025-08-21,277821.49870884896,13089.09500342369
2025-08-22,281602.3139603519,16869.910254926683
2025-08-25,277473.4329913998,12741.029285974502
2025-08-26,277474.4143104553,12742.01060503006
2025-08-27,276957.73202827456,12225.328322849273
2025-08-28,273707.984551363,8975.58084593773
2025-08-29,275840.24648532865,11107.842779903413
2025-09-02,274832.82514160156,0.0
2025-09-03,276006.5786141968,1173.753472595215
2025-09-04,276788.6055236816,1955.780382080078
2025-09-05,276999.3381923294,2166.5130507278445
2025-09-08,274779.43382125854,-53.39132034301747
2025-09-09,279398.3488685227,4565.523726921082
2025-09-10,285329.97840423585,10497.153262634278
2025-09-11,285332.90306087496,10500.077919273377
2025-09-12,290495.13697479246,15662.311833190917
2025-09-15,290500.73928993224,15667.914148330688
2025-09-16,284958.58120162965,10125.756060028076
2025-09-17,285795.54936752317,10962.724225921631
2025-09-18,286336.3350409317,11503.50989933014
2025-09-19,290911.85714675905,16079.03200515747
2025-09-22,297413.49230316165,22580.667161560057
2025-09-23,299557.49387428287,24724.668732681275
2025-09-24,298169.14269058226,23336.31754898071
2025-09-25,295208.8244241333,20375.99928253174
2025-09-26,301794.76958290103,26961.94444129944
2025-09-29,300813.8582009125,25981.033059310914
2025-09-30,300456.2627078247,25623.437566223147
2025-10-01,298256.9735783386,0.0
2025-10-02,298141.719447937,-115.25413040161129
2025-10-03,301976.2070948791,3719.2335165405275
2025-10-06,302787.72711380007,4530.753535461426
2025-10-07,306314.2147964478,8057.24121810913
2025-10-08,308618.08348220825,10361.109903869628
2025-10-09,309928.9095561218,11671.935977783203
2025-10-10,305780.7512272644,7523.777648925781
2025-10-13,309278.2302851868,11021.256706848144
2025-10-14,310183.41923721315,11926.44565887451
2025-10-15,313819.8710409546,15562.897462615967
2025-10-16,313294.1756257629,15037.202047424316
2025-10-17,309436.73612411495,11179.762545776366
2025-10-20,306638.9882524109,8382.014674072267
2025-10-21,301338.55501861573,3081.5814402770993
2025-10-22,301123.6922517395,2866.7186734008774
2025-10-23,302949.04030838015,4692.066730041503
2025-10-24,306712.62874023436,8455.655161895751
2025-10-27,302650.92973770143,4393.956159362793
2025-10-28,294767.5165542603,-3489.4570240783696
2025-10-29,293869.8528554535,-4387.120722885133
2025-10-30,287133.8276776886,-11123.145900650024
2025-10-31,286540.8755937958,-11716.097984542846
2025-11-03,289170.3909301758,-11558.247076110842
2025-11-04,288502.84258270264,-12225.795423583986
2025-11-05,293149.19697204593,-7579.441034240724
2025-11-06,290971.4766160584,-9757.161390228273
2025-11-07,296963.0593373871,-3765.5786688995377
2025-11-10,292980.53156204225,-7748.106444244386
2025-11-11,289784.37842979433,-10944.25957649231
2025-11-12,289435.34033859253,-11293.297667694094
2025-11-13,287199.96666641237,-13528.671339874269
2025-11-14,288377.87165893556,-12350.766347351077
2025-11-17,290895.984203949,-9832.653802337649
2025-11-18,288388.7259173584,-12339.912088928224
2025-11-19,286524.9041650391,-14203.73384124756
2025-11-20,285682.02344055177,-15046.614565734866
2025-11-21,287688.9974739075,-13039.640532379153
2025-11-24,290228.5925363922,-10500.045469894409
2025-11-25,287117.3528881073,-13611.285118179323
2025-11-26,291324.9207281494,-9403.717278137208
2025-11-28,292902.4425107575,-7826.195495529175
2025-12-01,287557.7128381348,-16614.848518232135
2025-12-02,286427.38762176514,-17745.17373460176
2025-12-03,285602.50643692014,-18570.054919446735
2025-12-04,288117.2091572571,-16055.35219910982
2025-12-05,283157.76515518187,-21014.796201185018
2025-12-08,281758.4272741699,-22414.13408219698
2025-12-09,282432.2040965271,-21740.357259839802
2025-12-10,282761.0521182251,-21411.509238141804
2025-12-11,288787.330430603,-15385.230925763874
2025-12-12,288247.6373727417,-15924.923983625202
2025-12-15,289489.1189730835,-14683.442383283404
2025-12-16,290639.0524240112,-13533.50893235567
2025-12-17,284344.6688345337,-19827.892521833208
2025-12-18,288062.4409060669,-16110.120450300004
2025-12-19,283106.6875057983,-21065.87385056856
2025-12-22,281836.41082611086,-22336.15053025606
2025-12-23,281697.62479400635,-22474.936562360555
2025-12-24,283394.7593588257,-20777.801997541217
2025-12-26,282815.91423187254,-21356.647124494342
2025-12-29,283144.80312286376,-21027.75823350313
2025-12-30,284216.9989962769,-19955.562360090044
2025-12-31,282722.037946167,-21450.52341019991
2026-01-02,285062.1156109619,0.0
2026-01-05,282285.1842956543,-2776.9313153076173
2026-01-06,284465.8138876343,-596.3017233276368
2026-01-07,281029.1335860443,-4032.9820249176028
2026-01-08,283168.07409484865,-1894.0415161132812
2026-01-09,283363.9093536377,-1698.2062573242188
2026-01-12,283952.51641098026,-1109.5991999816895
2026-01-13,287338.3942225647,2276.2786116027833
2026-01-14,291670.5007710266,6608.385160064698
2026-01-15,291567.56010833743,6505.444497375489
2026-01-16,293149.44002761843,8087.324416656495
2026-01-20,293422.8558479309,8360.740236968995
2026-01-21,295050.5755534363,9988.459942474365
2026-01-22,292513.62366516114,7451.508054199219
2026-01-23,290672.0351504517,5609.919539489746
2026-01-26,293019.08976913453,7956.9741581726075
2026-01-27,294693.4073051453,9631.29169418335
2026-01-28,292366.8535455322,7304.737934570313
2026-01-29,292053.30260314944,6991.1869921875
2026-01-30,292803.8544282532,7741.73881729126
2026-02-02,288063.4465682983,0.0
2026-02-03,287286.48470977787,-776.9618585205079
2026-02-04,273974.061088562,-14089.38547973633
2026-02-05,273144.6214828491,-14918.82508544922
2026-02-06,283110.2248007202,-4953.221767578125
2026-02-09,289113.9336639404,1050.4870956420898
2026-02-10,295355.2336862183,7291.787117919923
2026-02-11,299369.89626983646,11306.449701538086
2026-02-12,302740.43846588134,14676.991897583008
2026-02-13,314542.6866082764,26479.24003997803
2026-02-17,319024.8984890747,30961.451920776366
2026-02-18,312565.3986468506,24501.952078552247
2026-02-19,314300.5330496216,26237.086481323244
2026-02-20,315388.98783538816,27325.541267089844
2026-02-23,312835.17288024904,24771.726311950682
2026-02-24,322303.32641510013,34239.87984680176
2026-02-25,329900.62342742924,41837.176859130865
2026-02-26,330780.81369659427,42717.3671282959
2026-02-27,332388.93662994384,44325.49006164551
2026-03-02,325787.56874786376,26000.917797241207
2026-03-03,321581.4223056412,21794.77135501861
2026-03-04,321808.162420578,22021.51146995544
2026-03-05,328256.2913737107,28469.64042308807
2026-03-06,318616.5405390167,18829.88958839416
2026-03-09,322753.2532829285,22966.6023323059
2026-03-10,320991.61867683416,21204.967726211544
2026-03-11,311210.07256660465,11423.421615982048
2026-03-12,312854.30347518926,13067.652524566642
2026-03-13,313151.0253577805,13364.374407157891
2026-03-16,316770.309842186,16983.658891563406
2026-03-17,318334.11788684846,18547.466936225886
2026-03-18,323869.27897457127,24082.628023948666
2026-03-19,319790.4053871155,20003.754436492913
2026-03-20,291649.439646225,-8137.211304397591
2026-03-23,298446.57519138337,-1340.0757592392047
2026-03-24,301851.3182239151,2064.6672732925335
2026-03-25,304546.37155635835,4759.720605735771
2026-03-26,302772.1182029343,2985.467252311698
2026-03-27,306918.91860042576,7132.267649803154
2026-03-30,302404.762380333,2618.1114297103795
2026-03-31,297758.6890126038,-2027.9619380188078
