is_return,oos_return,is_vol,oos_vol,is_sharpe,oos_sharpe,is_sortino,oos_sortino,is_drawdown,oos_drawdown
22.48,-3.02,21.5,16.58,0.86,-0.42,1.13,-0.49,-23.54,-12.73
17.67,-43.54,15.62,27.13,0.87,-1.75,1.29,-2.66,-15.44,-29.18
16.74,20.05,18.81,13.64,0.68,1.18,0.93,2.02,-18.79,-6.28
30.18,33.96,21.08,19.59,1.24,1.53,1.8,1.95,-13.72,-12.16
24.96,35.04,22.44,16.42,0.93,1.89,1.25,3.15,-28.68,-8.56
1.51,51.98,19.98,13.38,-0.12,3.59,-0.16,5.15,-24.19,-3.46
10.93,-22.11,20.62,19.38,0.34,-1.35,0.48,-1.93,-24.46,-22.96
11.6,36.28,16.54,18.48,0.46,1.75,0.57,2.89,-25.58,-8.68
0.33,35.14,18.81,12.49,-0.2,2.49,-0.24,4.33,-28.59,-6.08
7.62,17.66,16.65,15.04,0.22,0.91,0.26,1.52,-31.71,-8.38
9.83,-33.77,18.67,23.99,0.31,-1.57,0.45,-2.46,-21.76,-25.83
-0.84,-32.88,17.21,22.29,-0.28,-1.65,-0.39,-2.31,-22.27,-27.46
5.78,-34.31,17.8,19.57,0.1,-1.96,0.14,-2.78,-24.46,-23.15
5.58,-36.43,19.11,22.49,0.08,-1.8,0.12,-2.38,-23.36,-24.68
12.59,-7.39,20.38,18.42,0.42,-0.62,0.58,-1.05,-19.06,-15.29
8.61,14.39,17.5,17.22,0.26,0.6,0.37,0.76,-28.25,-8.06
18.98,26.72,19.13,16.36,0.78,1.39,1.08,2.5,-20.46,-7.4
14.05,-18.4,20.32,20.03,0.49,-1.12,0.65,-1.65,-24.63,-23.91
11.23,1.13,16.8,19.76,0.43,-0.15,0.62,-0.26,-23.59,-10.55
18.33,11.07,16.02,17.28,0.89,0.41,1.21,0.58,-15.99,-9.6
12.17,87.8,17.02,11.78,0.48,7.11,0.64,13.08,-17.78,-3.4
7.36,-21.28,23.41,17.06,0.14,-1.48,0.19,-1.85,-28.44,-17.7
21.17,-11.34,17.07,15.58,1.01,-0.98,1.41,-1.39,-15.57,-16.56
-5.51,9.52,22.22,24.33,-0.43,0.23,-0.57,0.29,-36.6,-12.96
-3.65,17.09,22.36,15.83,-0.34,0.83,-0.49,1.25,-44.11,-7.17
-4.49,-13.25,18.69,20.41,-0.45,-0.85,-0.6,-1.45,-31.13,-18.15
14.36,57.89,23.22,16.04,0.45,3.36,0.6,6.5,-18.67,-3.84
13.45,31.47,19.78,17.07,0.48,1.61,0.7,2.75,-26.22,-10.62
4.56,8.64,19.1,31.9,0.03,0.15,0.04,0.16,-38.09,-20.16
13.64,21.39,16.17,16.59,0.6,1.05,0.8,1.1,-22.85,-6.11
7.35,3.63,16.11,16.51,0.21,-0.02,0.28,-0.03,-18.35,-11.46
6.48,-36.88,17.63,22.14,0.14,-1.85,0.18,-2.63,-26.7,-22.6
12.71,-6.73,19.33,24.39,0.45,-0.44,0.6,-0.56,-20.59,-17.91
-1.78,28.18,17.28,14.17,-0.33,1.71,-0.42,1.88,-31.87,-5.88
5.8,59.99,26.01,11.9,0.07,4.71,0.1,8.41,-29.67,-4.51
13.7,42.39,20.18,22.67,0.48,1.69,0.6,2.58,-18.3,-7.31
10.76,-10.72,18.3,16.13,0.37,-0.91,0.51,-1.05,-26.94,-14.52
25.39,29.0,19.11,11.67,1.12,2.14,1.55,3.14,-22.89,-8.19
7.44,14.97,20.67,30.95,0.17,0.35,0.22,0.38,-27.3,-19.57
2.11,19.59,18.05,33.27,-0.1,0.47,-0.14,0.53,-30.75,-19.41
14.06,2.83,17.11,12.53,0.59,-0.09,0.81,-0.14,-22.81,-11.09
6.13,18.81,17.72,13.22,0.12,1.12,0.15,1.8,-24.44,-7.64
20.22,6.27,19.28,17.67,0.84,0.13,1.16,0.18,-17.19,-10.32
-1.18,27.3,15.76,19.72,-0.33,1.18,-0.41,2.15,-31.03,-5.89
3.01,41.33,19.04,19.7,-0.05,1.9,-0.07,3.55,-31.64,-11.27
2.63,24.72,18.78,13.58,-0.07,1.53,-0.1,1.94,-22.25,-7.4
15.3,-7.13,19.82,21.0,0.57,-0.53,0.69,-0.76,-33.25,-17.08
35.31,60.32,14.7,13.01,2.13,4.33,2.97,7.53,-9.74,-3.52
6.26,-0.22,20.11,16.88,0.11,-0.25,0.15,-0.34,-22.24,-17.51
-7.79,35.01,20.19,20.71,-0.58,1.5,-0.86,1.67,-41.3,-12.36
10.11,9.58,17.58,17.77,0.35,0.31,0.46,0.38,-21.76,-12.99
30.38,57.87,19.32,15.36,1.37,3.51,1.99,6.16,-24.7,-4.45
24.7,41.64,15.78,14.65,1.31,2.57,1.88,3.58,-24.07,-11.13
18.21,33.92,17.47,16.03,0.81,1.87,1.18,3.18,-26.1,-11.07
2.88,-33.92,19.8,25.64,-0.06,-1.48,-0.08,-2.05,-26.33,-20.68
-3.96,-7.66,20.68,22.03,-0.39,-0.53,-0.56,-0.9,-34.93,-10.61
-6.87,98.72,18.62,21.72,-0.58,4.36,-0.75,7.2,-42.31,-6.33
6.77,-21.34,15.7,23.64,0.18,-1.07,0.25,-1.4,-24.63,-15.22
10.35,18.02,17.7,16.55,0.36,0.85,0.45,1.29,-36.77,-7.74
23.48,60.62,17.09,21.41,1.14,2.64,1.61,5.22,-17.31,-5.66
7.74,-25.37,23.31,26.03,0.16,-1.13,0.22,-1.53,-23.14,-21.29
14.59,28.09,17.45,14.19,0.61,1.7,0.78,2.6,-20.46,-4.94
16.23,0.04,19.06,25.88,0.64,-0.15,0.93,-0.22,-21.99,-18.52
3.61,32.44,17.89,19.48,-0.02,1.46,-0.03,2.94,-24.81,-12.58
5.37,17.03,16.91,15.22,0.08,0.86,0.11,1.11,-24.58,-9.08
20.93,3.5,17.91,15.4,0.95,-0.03,1.24,-0.06,-20.08,-11.12
15.9,28.68,17.32,23.21,0.69,1.06,0.92,1.43,-17.88,-13.72
-6.75,39.61,20.53,14.52,-0.52,2.45,-0.72,3.96,-30.98,-5.46
20.34,21.06,15.94,23.49,1.03,0.73,1.3,1.01,-15.56,-10.77
5.62,32.01,18.43,15.11,0.09,1.85,0.12,2.76,-19.34,-5.81
5.84,1.5,18.5,17.93,0.1,-0.14,0.14,-0.15,-24.16,-15.28
10.34,2.5,16.93,29.79,0.37,-0.05,0.55,-0.07,-30.64,-15.44
2.07,-10.65,20.98,19.05,-0.09,-0.77,-0.12,-0.95,-24.17,-10.68
8.16,3.54,17.29,13.39,0.24,-0.03,0.32,-0.05,-20.55,-9.22
21.54,15.69,16.78,21.0,1.05,0.56,1.45,0.62,-16.21,-13.85
5.43,-13.45,15.44,26.96,0.09,-0.65,0.13,-0.86,-26.5,-17.92
-8.98,64.57,20.54,17.12,-0.63,3.54,-0.92,4.33,-47.74,-8.55
6.73,27.11,20.22,15.85,0.14,1.46,0.2,2.38,-24.66,-9.08
22.24,20.9,17.53,13.92,1.04,1.21,1.42,1.76,-15.68,-8.25
26.98,1.52,12.93,14.97,1.78,-0.17,2.48,-0.23,-13.62,-6.5
10.9,39.39,18.31,16.97,0.38,2.09,0.45,3.34,-18.36,-6.24
9.0,1.13,16.09,26.23,0.31,-0.11,0.45,-0.13,-21.41,-17.4
22.17,14.52,17.93,18.88,1.01,0.56,1.34,1.11,-18.97,-10.43
15.76,-12.54,16.01,24.05,0.73,-0.69,1.05,-1.14,-13.57,-17.2
23.45,14.19,19.09,21.03,1.02,0.48,1.41,0.69,-23.11,-12.22
29.57,61.65,19.34,19.31,1.32,2.98,1.74,4.56,-17.29,-6.83
5.49,15.7,19.35,15.88,0.08,0.74,0.1,0.97,-28.49,-10.91
0.44,17.33,16.47,14.55,-0.22,0.92,-0.29,1.15,-31.68,-8.14
22.85,-1.35,18.67,13.58,1.01,-0.39,1.31,-0.55,-19.91,-9.64
5.01,12.36,20.11,16.26,0.05,0.51,0.07,0.68,-21.81,-9.89
-7.52,-13.82,20.78,16.01,-0.55,-1.11,-0.74,-1.63,-34.97,-13.47
-2.48,32.4,18.93,14.14,-0.34,2.01,-0.42,3.43,-33.09,-5.38
-1.07,22.75,17.66,13.56,-0.29,1.38,-0.4,1.89,-32.87,-9.71
4.59,9.39,19.99,14.85,0.03,0.36,0.04,0.56,-33.96,-8.58
-4.04,-16.47,21.35,18.0,-0.38,-1.14,-0.51,-1.94,-42.67,-15.58
2.59,-9.28,18.57,28.74,-0.08,-0.46,-0.1,-0.82,-30.67,-19.86
12.9,-12.19,23.03,20.06,0.39,-0.81,0.53,-1.09,-22.07,-21.1
17.04,-4.99,18.07,23.46,0.72,-0.38,1.0,-0.57,-18.5,-14.14
8.32,33.32,18.92,15.02,0.23,1.95,0.3,3.18,-21.06,-8.16
6.89,22.89,18.16,16.7,0.16,1.13,0.22,1.67,-25.64,-6.55
34.51,-36.2,14.88,27.45,2.05,-1.46,2.89,-2.19,-16.75,-24.07
10.12,-11.13,17.45,16.8,0.35,-0.9,0.48,-1.06,-24.76,-11.89
-9.42,4.09,20.69,20.14,-0.65,0.0,-0.9,0.01,-40.14,-18.17
11.31,7.91,18.85,13.73,0.39,0.28,0.51,0.4,-31.52,-8.07
-12.2,19.11,29.05,14.04,-0.56,1.08,-0.78,1.52,-49.08,-10.9
8.21,-20.64,19.51,20.83,0.22,-1.18,0.28,-1.38,-24.84,-16.0
4.02,0.1,19.68,19.06,0.0,-0.2,0.0,-0.35,-41.12,-11.41
5.11,30.32,19.14,16.69,0.06,1.58,0.08,2.34,-27.84,-6.55
7.69,-17.75,18.15,17.47,0.2,-1.25,0.26,-1.7,-42.34,-14.46
0.9,-37.99,24.83,28.21,-0.12,-1.49,-0.16,-2.27,-44.47,-28.09
6.78,-32.76,19.91,14.9,0.14,-2.47,0.18,-3.73,-21.5,-24.37
11.48,-25.25,15.23,21.97,0.49,-1.33,0.66,-1.84,-29.02,-25.4
1.2,95.91,20.44,23.04,-0.14,3.99,-0.17,6.45,-35.99,-6.33
3.88,-37.44,19.84,15.16,-0.01,-2.73,-0.01,-3.62,-30.28,-23.41
13.61,17.74,20.0,19.5,0.48,0.7,0.6,0.91,-23.13,-11.01
19.37,41.13,17.97,10.56,0.86,3.52,1.12,5.68,-21.11,-5.35
14.23,-10.73,22.05,21.07,0.46,-0.7,0.68,-1.03,-21.89,-20.92
4.51,33.47,21.67,11.56,0.02,2.55,0.03,3.62,-27.26,-4.52
3.13,-8.02,18.5,16.95,-0.05,-0.71,-0.07,-0.97,-39.68,-12.17
9.65,10.33,17.5,24.06,0.32,0.26,0.41,0.41,-30.57,-14.12
-9.2,24.98,19.72,18.13,-0.67,1.16,-0.93,1.4,-46.31,-7.73
19.08,-31.2,20.3,14.89,0.74,-2.36,0.94,-3.31,-28.51,-18.82
-0.39,20.82,19.86,15.27,-0.22,1.1,-0.3,1.97,-26.85,-8.31
5.68,17.27,18.79,18.89,0.09,0.7,0.12,0.95,-26.51,-9.23
14.55,-20.18,18.93,32.76,0.56,-0.74,0.74,-1.1,-20.89,-19.96
-3.27,8.73,18.81,14.34,-0.39,0.33,-0.5,0.5,-39.83,-6.32
14.39,-3.6,18.04,13.85,0.58,-0.55,0.8,-0.75,-18.29,-16.76
17.05,6.82,21.69,30.32,0.6,0.09,0.84,0.15,-35.13,-13.93
-0.1,3.98,19.72,20.69,-0.21,-0.0,-0.28,-0.0,-34.46,-13.26
6.03,-16.91,19.42,24.41,0.1,-0.86,0.13,-1.21,-20.14,-22.34
12.15,33.68,16.15,15.65,0.5,1.9,0.66,2.72,-16.92,-12.01
16.66,-7.09,16.96,27.96,0.75,-0.4,1.02,-0.51,-16.42,-18.32
7.67,38.12,25.32,13.57,0.15,2.51,0.21,2.51,-31.75,-5.74
20.87,-17.49,19.11,16.24,0.88,-1.32,1.22,-2.0,-16.53,-18.98
20.67,23.27,16.94,16.32,0.98,1.18,1.29,1.53,-15.72,-6.08
11.23,18.8,17.75,23.67,0.41,0.63,0.54,0.93,-28.21,-16.07
10.09,13.06,20.48,20.5,0.3,0.44,0.38,0.7,-24.46,-11.01
1.09,-7.34,19.1,16.87,-0.15,-0.67,-0.2,-1.2,-30.01,-8.24
0.85,-2.27,17.28,16.2,-0.18,-0.39,-0.26,-0.53,-33.13,-10.97
17.8,14.06,16.61,19.03,0.83,0.53,1.08,0.91,-23.35,-12.74
9.03,5.98,19.77,17.52,0.25,0.11,0.36,0.18,-24.06,-11.54
8.59,-27.13,20.89,22.33,0.22,-1.39,0.31,-1.91,-38.2,-19.61
3.64,10.41,19.47,18.84,-0.02,0.34,-0.02,0.48,-24.7,-10.86
4.29,24.68,19.44,14.63,0.01,1.41,0.02,1.72,-34.34,-10.41
29.64,-13.04,17.68,24.31,1.45,-0.7,2.08,-1.16,-17.82,-19.91
13.35,13.92,18.76,14.64,0.5,0.68,0.7,0.99,-28.17,-12.93
6.28,1.04,15.97,12.44,0.14,-0.24,0.18,-0.35,-31.02,-11.61
-0.01,1.79,17.69,16.8,-0.23,-0.13,-0.31,-0.2,-33.26,-11.24
11.06,-26.92,18.34,24.94,0.39,-1.24,0.54,-1.94,-27.08,-28.09
12.77,61.4,17.91,18.22,0.49,3.15,0.64,5.1,-17.73,-6.89
17.21,0.24,19.51,21.04,0.68,-0.18,0.94,-0.24,-24.13,-17.37
-2.29,-14.92,21.93,20.04,-0.29,-0.94,-0.42,-1.38,-29.14,-12.45
30.36,25.21,14.07,15.44,1.87,1.37,2.77,2.09,-10.36,-10.22
3.4,-11.92,20.9,42.4,-0.03,-0.38,-0.04,-0.54,-27.12,-19.98
-4.71,8.82,18.37,38.86,-0.47,0.12,-0.64,0.21,-38.55,-14.21
6.05,69.4,17.72,21.3,0.12,3.07,0.15,3.88,-19.61,-10.28
21.5,10.15,16.29,14.46,1.07,0.43,1.53,0.58,-19.23,-10.6
24.85,-8.11,17.92,22.79,1.16,-0.53,1.71,-0.68,-13.72,-17.91
7.78,-33.1,17.42,26.26,0.22,-1.41,0.28,-1.95,-35.95,-22.43
5.49,17.74,18.69,16.99,0.08,0.81,0.11,1.11,-28.93,-7.76
11.72,47.42,19.35,13.11,0.4,3.31,0.56,5.12,-22.34,-4.6
3.47,26.59,21.95,16.92,-0.02,1.34,-0.04,1.97,-27.19,-10.26
10.03,37.61,21.12,21.87,0.29,1.54,0.41,2.31,-20.05,-12.03
21.81,27.92,15.64,13.91,1.14,1.72,1.69,2.55,-17.53,-5.54
22.64,-18.25,19.03,29.47,0.98,-0.76,1.33,-1.06,-27.01,-16.3
12.89,25.19,22.1,15.24,0.4,1.39,0.51,1.93,-22.76,-8.22
-4.59,2.64,22.36,16.51,-0.38,-0.08,-0.48,-0.13,-38.51,-11.26
20.9,-20.45,18.36,18.37,0.92,-1.33,1.28,-1.65,-18.1,-23.56
10.1,6.15,17.89,17.0,0.34,0.13,0.46,0.17,-22.52,-9.46
18.05,10.76,19.04,18.57,0.74,0.36,1.0,0.66,-23.71,-10.41
7.12,22.59,18.86,15.31,0.17,1.21,0.24,1.48,-25.9,-7.93
5.41,-8.53,18.93,26.11,0.07,-0.48,0.1,-0.73,-30.96,-19.15
12.92,25.97,18.51,16.25,0.48,1.35,0.64,2.21,-23.47,-9.6
5.6,7.53,18.34,23.94,0.09,0.15,0.12,0.21,-25.42,-8.21
16.94,26.98,17.49,18.43,0.74,1.25,0.97,1.68,-21.65,-10.05
6.45,15.4,23.94,16.89,0.1,0.67,0.15,1.0,-36.82,-9.47
2.64,-2.45,23.28,19.76,-0.06,-0.33,-0.08,-0.5,-26.3,-8.68
3.44,6.76,16.27,16.94,-0.03,0.16,-0.05,0.24,-24.47,-9.33
12.5,-8.42,16.98,13.93,0.5,-0.89,0.67,-1.24,-28.01,-15.95
10.83,-9.78,16.74,21.99,0.41,-0.63,0.56,-1.01,-28.89,-14.52
11.71,15.75,18.12,18.09,0.43,0.65,0.58,1.09,-19.03,-8.72
2.32,20.7,18.28,14.69,-0.09,1.14,-0.13,1.41,-21.86,-9.02
18.21,-23.08,18.91,21.72,0.75,-1.25,1.04,-1.8,-15.53,-17.03
9.34,14.97,16.6,18.64,0.32,0.59,0.43,1.06,-18.97,-12.87
18.19,24.2,16.05,16.4,0.88,1.23,1.17,1.62,-17.86,-6.46
10.24,28.48,19.1,13.14,0.33,1.86,0.48,2.81,-23.77,-5.34
9.19,11.17,15.68,17.65,0.33,0.41,0.47,0.47,-33.3,-12.45
14.38,13.95,17.36,17.77,0.6,0.56,0.86,0.59,-16.9,-13.07
13.9,-26.54,17.37,25.57,0.57,-1.19,0.78,-1.38,-24.31,-21.67
15.58,25.97,21.52,17.74,0.54,1.24,0.73,1.75,-25.39,-8.8
-10.49,0.81,19.57,19.87,-0.74,-0.16,-1.04,-0.23,-50.4,-8.52
15.22,68.82,16.13,10.96,0.7,5.91,0.9,9.2,-19.18,-3.44
-6.3,7.9,22.97,20.15,-0.45,0.19,-0.62,0.32,-41.48,-10.72
14.36,8.34,17.24,14.48,0.6,0.3,0.75,0.41,-24.11,-9.05
13.63,38.39,15.93,15.36,0.6,2.24,0.87,3.2,-18.98,-5.79
15.29,24.23,22.03,17.85,0.51,1.13,0.77,1.36,-34.42,-8.91
5.14,0.11,17.72,20.12,0.06,-0.19,0.09,-0.26,-18.53,-13.65
17.03,-26.84,15.26,19.28,0.85,-1.6,1.02,-2.28,-18.42,-15.78
3.02,-10.6,17.92,19.67,-0.05,-0.74,-0.07,-0.92,-27.19,-17.01
7.48,22.14,20.4,21.99,0.17,0.83,0.25,1.31,-24.27,-8.73
-2.33,-20.84,25.35,28.75,-0.25,-0.86,-0.32,-1.04,-39.37,-27.91
-12.36,17.91,22.1,21.5,-0.74,0.65,-1.0,0.85,-49.59,-11.67
17.35,12.12,20.74,22.72,0.64,0.36,0.89,0.61,-26.34,-10.87
11.78,17.56,20.02,13.82,0.39,0.98,0.54,1.93,-24.17,-4.76
23.08,-2.19,17.56,13.28,1.09,-0.47,1.65,-0.69,-15.97,-9.43
1.71,-3.14,20.67,16.63,-0.11,-0.43,-0.15,-0.53,-36.46,-11.22
6.86,18.37,19.73,13.49,0.15,1.07,0.21,1.73,-20.6,-10.95
26.64,26.94,17.57,23.5,1.29,0.98,2.04,1.63,-20.64,-8.55
3.77,-11.68,19.32,19.56,-0.01,-0.8,-0.02,-1.02,-23.03,-9.53
21.76,66.77,15.69,14.07,1.13,4.46,1.55,7.19,-15.45,-5.88
20.73,-17.29,17.4,23.45,0.96,-0.91,1.51,-1.16,-17.66,-11.48
14.31,67.85,18.43,16.4,0.56,3.89,0.74,6.87,-31.91,-4.4
9.3,10.55,15.77,21.37,0.34,0.31,0.45,0.55,-19.4,-12.09
10.8,-2.57,22.12,14.79,0.31,-0.44,0.44,-0.62,-22.06,-11.74
-1.24,25.02,20.23,20.63,-0.26,1.02,-0.35,1.8,-35.39,-13.08
13.68,-23.41,20.46,28.01,0.47,-0.98,0.61,-1.14,-21.33,-23.81
-2.68,-2.77,18.56,22.0,-0.36,-0.31,-0.46,-0.47,-34.98,-13.41
5.23,-20.66,18.73,14.98,0.07,-1.65,0.09,-2.58,-23.09,-13.97
10.28,20.91,17.13,13.68,0.37,1.24,0.47,1.54,-28.22,-7.64
20.96,2.21,19.88,13.38,0.85,-0.13,1.28,-0.19,-17.36,-7.02
5.74,18.31,20.58,26.27,0.08,0.54,0.11,0.7,-22.43,-20.78
4.7,-0.76,19.88,21.43,0.04,-0.22,0.04,-0.32,-35.33,-14.44
-1.55,59.32,23.59,13.46,-0.24,4.11,-0.33,7.02,-36.68,-6.13
-0.39,58.82,20.59,16.11,-0.21,3.4,-0.28,4.9,-26.0,-6.07
25.32,53.41,19.16,14.73,1.11,3.36,1.67,5.03,-14.67,-5.86
13.13,39.79,18.45,14.59,0.49,2.45,0.69,2.71,-20.77,-6.0
-1.83,38.87,18.49,23.46,-0.32,1.49,-0.43,2.85,-34.42,-11.33
8.67,-14.15,16.52,21.56,0.28,-0.84,0.36,-1.2,-24.79,-19.02
13.99,34.24,18.95,21.65,0.53,1.4,0.76,2.42,-25.63,-8.07
4.64,-10.72,21.49,20.75,0.03,-0.71,0.04,-0.99,-27.11,-13.16
16.34,-26.48,22.44,18.57,0.55,-1.64,0.69,-2.53,-20.67,-18.72
24.85,46.1,18.11,19.52,1.15,2.16,1.53,3.57,-19.33,-9.18
18.46,18.04,17.76,17.86,0.81,0.79,1.14,1.08,-18.72,-9.06
0.96,6.13,20.79,15.33,-0.15,0.14,-0.2,0.18,-31.54,-12.79
-3.44,-1.61,22.66,13.18,-0.33,-0.43,-0.44,-0.73,-41.94,-10.12
-7.72,20.63,22.52,16.1,-0.52,1.03,-0.69,1.65,-50.78,-12.63
0.76,22.61,18.72,15.74,-0.17,1.18,-0.23,1.87,-19.98,-5.18
18.0,18.56,18.33,11.36,0.76,1.28,0.98,1.91,-23.79,-4.41
11.99,9.0,17.55,22.97,0.46,0.22,0.6,0.37,-23.1,-14.49
16.05,27.5,19.13,14.04,0.63,1.67,0.85,1.99,-27.91,-9.27
13.25,4.23,19.16,13.36,0.48,0.02,0.65,0.03,-28.0,-8.03
10.7,34.93,19.61,11.99,0.34,2.58,0.47,3.33,-29.97,-7.81
10.4,37.52,20.78,30.08,0.31,1.11,0.4,1.24,-17.48,-17.57
5.74,3.7,18.74,18.12,0.09,-0.02,0.13,-0.02,-47.4,-11.73
-3.12,-5.92,18.72,25.95,-0.38,-0.38,-0.49,-0.5,-32.48,-20.6
12.26,8.86,20.69,21.61,0.4,0.22,0.5,0.32,-27.97,-17.54
15.51,10.34,18.11,15.86,0.64,0.4,0.88,0.54,-17.97,-8.59
20.04,62.2,20.23,17.19,0.79,3.39,0.97,5.29,-18.53,-7.93
3.64,39.3,18.52,13.51,-0.02,2.61,-0.03,4.37,-34.1,-6.57
17.56,-20.6,17.11,19.68,0.79,-1.25,1.04,-1.7,-16.52,-13.09
10.09,13.65,17.9,23.6,0.34,0.41,0.46,0.56,-20.43,-12.45
12.4,35.25,19.97,24.52,0.42,1.27,0.53,2.29,-24.22,-6.37
-13.08,31.71,20.2,11.88,-0.85,2.33,-1.08,3.1,-53.86,-6.16
12.29,31.21,17.0,18.04,0.49,1.51,0.66,2.22,-23.1,-9.61
12.75,44.51,17.81,12.97,0.49,3.12,0.63,4.02,-20.1,-4.97
-6.19,14.25,18.85,21.73,-0.54,0.47,-0.73,0.59,-43.96,-10.95
26.12,26.26,15.73,19.58,1.41,1.14,1.96,1.68,-9.87,-10.84
4.68,8.16,20.21,21.18,0.03,0.2,0.05,0.3,-29.66,-15.61
2.29,3.42,18.91,13.4,-0.09,-0.04,-0.12,-0.05,-34.06,-8.7
8.1,-21.11,19.12,20.08,0.21,-1.25,0.3,-1.56,-22.25,-18.42
36.28,7.09,17.07,25.09,1.89,0.12,2.54,0.16,-15.4,-16.75
30.2,28.93,19.86,16.61,1.32,1.5,1.96,2.04,-17.74,-8.33
6.17,34.18,17.39,18.53,0.12,1.63,0.16,2.91,-22.57,-10.25
2.99,18.67,18.91,12.3,-0.05,1.19,-0.07,1.68,-31.23,-5.1
20.85,42.57,14.75,16.36,1.14,2.36,1.53,3.11,-10.92,-9.8
20.24,32.0,17.62,11.82,0.92,2.37,1.17,3.09,-16.88,-5.65
0.65,13.05,20.67,43.31,-0.16,0.21,-0.21,0.42,-38.72,-21.13
2.23,59.0,21.63,17.52,-0.08,3.14,-0.11,5.12,-36.91,-6.18
9.14,-22.49,14.87,21.34,0.35,-1.24,0.48,-1.74,-19.59,-20.74
14.24,10.39,21.39,15.25,0.48,0.42,0.61,0.58,-25.33,-8.56
5.91,-34.68,20.86,20.55,0.09,-1.88,0.12,-3.23,-31.51,-23.88
12.49,30.79,20.06,15.28,0.42,1.75,0.62,3.11,-16.62,-5.36
6.91,106.19,17.19,22.93,0.17,4.46,0.23,8.12,-22.79,-5.08
3.55,22.65,20.84,13.02,-0.02,1.43,-0.03,2.31,-28.77,-5.35
18.24,8.19,23.6,27.82,0.6,0.15,0.85,0.27,-20.01,-13.52
10.95,-9.94,20.8,16.24,0.33,-0.86,0.44,-1.04,-31.29,-10.83
14.63,-14.31,16.87,19.85,0.63,-0.92,0.86,-1.68,-34.03,-20.11
0.74,6.8,20.55,22.17,-0.16,0.13,-0.22,0.19,-21.66,-17.37
17.61,11.52,16.94,17.29,0.8,0.43,1.08,0.63,-19.84,-9.23
16.03,32.26,17.9,12.56,0.67,2.25,0.86,3.24,-22.19,-4.05
18.11,-21.69,18.32,17.26,0.77,-1.49,1.04,-2.04,-20.45,-16.11
0.22,3.0,17.44,20.51,-0.22,-0.05,-0.31,-0.06,-27.44,-12.95
-0.48,-6.74,20.97,23.08,-0.21,-0.47,-0.28,-0.58,-36.77,-15.05
10.67,67.94,18.98,19.13,0.35,3.34,0.47,5.97,-20.31,-7.96
9.55,60.75,18.0,16.62,0.31,3.41,0.43,5.29,-33.63,-5.8
3.81,29.44,17.58,16.69,-0.01,1.52,-0.01,2.25,-19.05,-8.55
12.95,0.84,17.52,23.28,0.51,-0.14,0.73,-0.25,-17.72,-15.34
0.43,19.23,20.5,11.69,-0.17,1.3,-0.25,1.56,-42.3,-8.03
2.07,15.94,21.74,15.19,-0.09,0.79,-0.12,0.93,-31.16,-11.77
11.43,47.82,14.24,18.35,0.52,2.39,0.72,4.0,-12.97,-5.9
-3.38,9.1,17.38,18.73,-0.42,0.27,-0.59,0.39,-34.45,-13.08
18.26,17.69,17.06,13.74,0.84,1.0,1.08,1.64,-13.23,-9.28
24.86,-29.01,16.41,25.41,1.27,-1.3,1.83,-1.55,-12.35,-21.41
-0.1,-35.57,22.03,20.19,-0.19,-1.96,-0.27,-2.44,-34.02,-23.0
3.76,3.13,19.54,18.84,-0.01,-0.05,-0.02,-0.06,-23.5,-9.5
4.66,56.91,17.32,22.47,0.04,2.35,0.05,2.94,-25.32,-14.51
16.58,-2.14,21.89,16.88,0.57,-0.36,0.7,-0.46,-21.07,-17.29
1.89,34.06,20.96,15.54,-0.1,1.93,-0.13,2.62,-29.23,-6.77
5.62,-16.65,19.76,24.02,0.08,-0.86,0.1,-1.2,-25.08,-22.47
-9.15,36.46,22.65,27.92,-0.58,1.16,-0.73,2.14,-40.48,-9.23
-10.82,5.8,21.07,19.3,-0.7,0.09,-1.0,0.14,-41.51,-9.14
10.56,22.54,17.02,15.54,0.39,1.19,0.52,1.95,-20.27,-8.59
11.89,59.62,18.62,19.26,0.42,2.89,0.56,5.45,-18.97,-8.37
11.63,-12.91,20.82,18.83,0.37,-0.9,0.53,-1.28,-26.36,-18.45
18.47,48.57,17.72,18.77,0.82,2.37,1.09,4.13,-14.89,-8.53
3.02,5.86,19.61,29.39,-0.05,0.06,-0.07,0.07,-30.16,-23.81
-5.44,1.1,20.9,18.68,-0.45,-0.16,-0.63,-0.23,-38.12,-14.77
33.5,-19.79,16.56,25.07,1.78,-0.95,2.53,-1.59,-16.26,-16.53
6.15,25.17,19.38,18.68,0.11,1.13,0.15,1.86,-32.96,-13.05
8.51,-37.26,19.23,20.88,0.23,-1.98,0.34,-3.29,-24.3,-20.79
6.53,21.41,20.31,16.02,0.12,1.09,0.16,1.39,-31.13,-10.48
-1.95,16.7,23.16,16.61,-0.26,0.76,-0.33,1.28,-32.41,-8.73
0.23,52.42,17.38,23.22,-0.22,2.08,-0.29,3.68,-23.39,-9.7
0.21,-14.18,25.45,24.2,-0.15,-0.75,-0.21,-1.12,-21.58,-24.73
-0.28,-20.83,26.06,19.06,-0.16,-1.3,-0.25,-1.88,-37.98,-17.65
-3.49,17.63,17.51,24.18,-0.43,0.56,-0.54,1.31,-25.75,-8.52
1.87,-24.96,18.16,17.23,-0.12,-1.68,-0.17,-2.5,-31.11,-18.11
14.18,19.21,16.14,14.78,0.63,1.03,0.85,1.51,-23.95,-6.02
8.63,13.54,20.18,18.25,0.23,0.52,0.33,0.65,-32.55,-10.78
10.39,22.63,18.73,10.95,0.34,1.7,0.48,2.64,-29.32,-4.47
8.34,-51.12,18.63,21.54,0.23,-2.56,0.31,-3.21,-30.82,-30.91
16.31,16.79,17.71,24.48,0.7,0.52,0.96,0.68,-21.44,-15.85
14.86,47.73,16.05,12.71,0.68,3.44,0.9,5.32,-20.11,-6.45
24.01,-10.41,15.89,22.53,1.26,-0.64,1.73,-0.93,-13.21,-19.74
-6.24,-9.86,17.71,24.3,-0.58,-0.57,-0.81,-1.0,-39.48,-12.73
14.22,17.47,15.69,17.6,0.65,0.77,0.82,1.15,-23.02,-10.66
18.46,27.77,18.57,14.95,0.78,1.59,1.04,2.52,-17.41,-5.59
-3.11,5.4,20.72,23.57,-0.34,0.06,-0.45,0.07,-36.65,-20.49
8.76,29.38,18.71,30.23,0.25,0.84,0.39,1.02,-25.62,-12.68
0.49,16.29,19.8,19.04,-0.18,0.65,-0.24,0.99,-26.52,-7.45
16.93,-43.62,17.25,30.2,0.75,-1.58,0.92,-2.27,-16.5,-29.71
11.75,2.83,20.06,12.19,0.39,-0.1,0.55,-0.14,-24.16,-9.72
23.81,17.43,14.89,14.74,1.33,0.91,1.86,1.33,-14.5,-8.91
7.78,-12.47,20.11,24.95,0.19,-0.66,0.23,-0.72,-30.69,-16.68
14.82,17.77,17.64,18.94,0.61,0.73,0.75,1.22,-21.83,-10.07
-0.41,13.48,18.82,16.24,-0.23,0.58,-0.31,0.84,-23.22,-11.87
29.99,9.91,14.42,16.46,1.8,0.36,2.55,0.48,-12.15,-9.79
14.16,18.7,18.13,13.8,0.56,1.07,0.78,1.43,-19.25,-4.77
5.12,22.93,19.84,16.85,0.06,1.12,0.08,1.94,-22.02,-6.72
6.46,-9.62,22.61,28.34,0.11,-0.48,0.14,-0.6,-29.93,-20.27
2.01,-14.67,21.0,17.6,-0.1,-1.06,-0.14,-1.53,-26.76,-18.49
19.78,0.68,17.37,22.86,0.91,-0.15,1.21,-0.21,-27.44,-12.99
-0.18,-5.98,22.9,18.07,-0.18,-0.55,-0.25,-0.79,-38.45,-10.98
15.58,-1.59,18.11,21.58,0.64,-0.26,0.88,-0.35,-20.09,-9.3
13.49,-17.61,20.14,22.1,0.47,-0.98,0.65,-1.26,-21.73,-16.04
9.45,9.86,17.1,15.11,0.32,0.39,0.47,0.46,-23.69,-9.29
11.03,-35.47,20.09,34.46,0.35,-1.15,0.47,-1.52,-21.75,-22.72
-1.59,-30.31,21.27,16.09,-0.26,-2.13,-0.34,-3.06,-33.73,-18.3
9.94,7.21,18.43,16.7,0.32,0.19,0.41,0.33,-35.12,-11.14
25.46,-38.35,17.98,20.53,1.19,-2.06,1.51,-3.21,-23.99,-25.02
22.16,-10.24,17.82,20.44,1.02,-0.7,1.47,-0.92,-20.51,-18.09
6.51,-6.86,18.04,19.16,0.14,-0.57,0.2,-0.76,-29.07,-10.7
-1.1,43.48,20.56,28.16,-0.25,1.4,-0.32,1.8,-26.25,-13.72
6.82,-23.46,19.74,13.53,0.14,-2.03,0.19,-2.76,-22.53,-18.86
22.07,-29.49,21.07,20.02,0.86,-1.67,1.12,-2.65,-19.8,-22.46
17.68,4.8,20.34,22.51,0.67,0.04,0.85,0.05,-18.68,-8.88
-3.47,37.25,20.92,26.84,-0.36,1.24,-0.47,1.63,-30.28,-13.06
0.57,54.8,20.14,26.66,-0.17,1.91,-0.23,2.25,-30.97,-14.45
3.01,7.52,20.6,12.5,-0.05,0.28,-0.06,0.42,-32.57,-8.33
13.88,-3.85,17.72,22.27,0.56,-0.35,0.79,-0.55,-19.1,-18.4
22.37,11.47,17.96,20.39,1.02,0.37,1.22,0.45,-17.46,-14.93
6.23,11.1,19.22,17.36,0.12,0.41,0.15,0.56,-24.92,-8.85
15.9,51.08,20.59,11.47,0.58,4.11,0.86,7.34,-17.72,-4.79
14.58,32.89,16.88,11.69,0.63,2.47,0.84,3.55,-25.65,-4.14
16.77,5.42,18.0,15.03,0.71,0.09,0.92,0.17,-22.31,-7.39
18.9,-6.81,21.2,28.44,0.7,-0.38,0.96,-0.47,-31.39,-16.11
22.56,-4.26,20.64,14.29,0.9,-0.58,1.13,-0.89,-24.88,-20.0
7.31,12.21,18.96,14.53,0.17,0.56,0.22,0.95,-37.92,-8.51
7.54,59.05,22.1,16.47,0.16,3.34,0.21,5.33,-23.47,-4.79
-12.97,-22.28,19.5,15.33,-0.87,-1.71,-1.18,-2.44,-47.66,-17.66
17.88,24.27,16.81,19.6,0.83,1.03,1.21,1.65,-21.84,-8.73
7.03,30.1,20.36,11.08,0.15,2.36,0.21,3.37,-23.24,-4.18
2.01,0.63,17.73,12.83,-0.11,-0.26,-0.16,-0.35,-29.86,-7.49
19.53,14.62,18.69,15.77,0.83,0.67,1.09,0.84,-25.3,-10.22
-8.03,9.7,20.45,16.99,-0.59,0.34,-0.77,0.55,-40.21,-7.94
16.96,12.24,19.26,15.24,0.67,0.54,0.96,0.81,-18.49,-14.08
6.0,25.43,17.82,17.23,0.11,1.24,0.17,2.07,-28.35,-10.73
6.9,7.04,18.61,19.48,0.16,0.16,0.21,0.22,-24.04,-10.67
8.44,24.32,19.84,18.78,0.22,1.08,0.28,1.66,-26.14,-9.29
7.2,-4.22,19.89,20.43,0.16,-0.4,0.21,-0.71,-24.48,-13.28
4.09,16.07,19.54,15.78,0.0,0.77,0.01,1.23,-17.67,-10.7
7.44,13.33,17.57,13.6,0.2,0.69,0.28,1.02,-24.42,-12.54
18.56,-26.72,16.12,18.0,0.9,-1.71,1.24,-2.54,-14.76,-21.18
-2.15,-1.64,19.33,16.62,-0.32,-0.34,-0.43,-0.47,-29.38,-16.09
12.59,-3.61,14.78,12.99,0.58,-0.59,0.81,-0.85,-25.48,-12.8
8.36,-7.49,19.88,27.96,0.22,-0.41,0.29,-0.59,-22.28,-12.7
16.35,18.93,18.49,12.18,0.67,1.23,0.94,1.68,-16.89,-6.11
-1.42,-14.15,22.77,24.63,-0.24,-0.74,-0.34,-0.94,-29.4,-22.23
3.84,25.01,16.93,14.99,-0.01,1.4,-0.01,2.31,-30.12,-8.74
7.77,-26.54,25.07,26.68,0.15,-1.14,0.2,-1.5,-29.42,-22.39
-10.03,31.73,19.14,18.35,-0.73,1.51,-0.97,2.13,-54.97,-11.49
7.11,25.4,18.11,16.53,0.17,1.29,0.24,2.18,-24.31,-10.33
4.4,27.31,17.98,16.33,0.02,1.43,0.03,2.28,-24.04,-9.75
4.13,34.98,18.49,12.5,0.01,2.48,0.01,3.58,-26.77,-5.78
13.48,-2.43,17.33,24.19,0.55,-0.27,0.68,-0.32,-29.62,-18.88
26.23,40.75,18.45,17.16,1.21,2.14,1.59,3.05,-17.18,-6.67
13.78,24.78,17.77,16.65,0.55,1.25,0.78,1.78,-16.26,-8.3
10.58,-1.77,15.19,13.17,0.43,-0.44,0.56,-0.67,-25.73,-11.21
9.38,44.38,20.88,16.98,0.26,2.38,0.36,4.23,-24.66,-7.38
5.6,-32.7,17.09,27.49,0.09,-1.34,0.12,-1.75,-27.72,-27.52
