,ALGN,AAPL,PANW,AMD,ZS,MDLZ,XEL,VRSN,INSM,ON,WDAY,ENPH,DLTR,ADI,COST,ABNB,CEG,MSFT,GOOGL,CDNS,PYPL,FAST,JD,MTCH,SNPS,LULU,CMCSA,ADBE,ADSK
2023-01-31,0.7459325052434937,0.4187954600859437,0.39889053466400204,0.7274928479782072,0.7328864026861673,0.027214791588998866,0.004679844823654911,0.011916686216341565,0.17531724620243339,0.31834100686868727,0.4435324244874034,0.634949866693882,0.013770750539116139,0.01615299542236992,0.1499589941195909,0.6429495142291732,0.8243580754985971,0.6729884446493046,0.8495195617092965,0.2393457892809152,0.4081204550861707,0.3629827900095727,0.11923133139099074,0.9027836993595573,0.10309361645683979,0.0003417765494129199,0.5896754410459804,0.6257556236177837,0.04524967204221697
2023-02-28,0.3892833607036138,0.24982658285509485,0.3610436063184672,0.5280476568850977,0.6396644462380208,0.17124593945936373,0.06691187669690346,0.024602755134051413,0.1502478853985052,0.49462699886830397,0.18950893590711637,0.36960768412497935,0.14016862681023146,0.14501279896832886,0.1368650725290651,0.3898441537946009,0.7385049404644582,0.4697109089726186,0.7856613104423246,0.30329076189314474,0.31108909463586576,0.2248661146851909,0.046944693652403946,0.8614695250893225,0.1791025640880204,0.0013738207385741719,0.37265730091274074,0.45455721104091407,0.028704851131673204
2023-03-31,0.05317116375512654,0.06742666953426091,0.05758353432517216,0.17769378325493335,0.6150830932583267,0.2385476516401207,0.19220423752371685,0.18474913283870675,0.20188530485185574,0.6453372083104545,4.853616530697824e-05,0.1291750628442574,0.2985174056160458,0.318563363059984,0.08975019947639906,0.13647911945131863,0.5273979250941683,0.16232341605661493,0.6490642521348045,0.44002894473455934,0.23603178536657232,0.04889532914155037,0.15771484144889392,0.8545891790897708,0.29571306871060876,0.00025266122468114993,0.21253092127972428,0.2868380185346635,0.07176872895004749
2023-04-28,0.06408457840970583,0.015565911454012316,0.03593877141558288,0.03437812797319706,0.6049979422024001,0.4237687563704782,0.07671427548911525,0.6462249916782205,0.187482025214618,0.6156475556512675,0.2727478987031111,0.017988716826421225,0.17691900513505987,0.44600562764771046,8.440424672617741e-05,0.0005590582276538969,0.38115835629980566,0.0006989385368747492,0.39408883435985786,0.5550721065171259,0.15774043687743866,0.028788745739715682,0.3170677938184261,0.8588838815099351,0.38511386078812104,0.22441231897899616,0.03516239183256631,0.10680524731302599,0.059301594917575584
2023-05-31,0.1869686899114329,0.12947146501585294,0.1280364123804827,0.02577485921603595,0.6300960199787501,0.6401948655003897,0.0334869616357556,0.6977764511130445,0.2714198570372961,0.6115834499029621,0.6522850480137428,0.15044789461481,0.1354535509037651,0.5321930631153029,0.0034412794309329753,0.03966287694114068,0.220328058597134,0.1590841550752632,0.06610924663622031,0.5702216586667248,0.3258871013312634,0.22597816426902229,0.5301681208077123,0.8597011195548607,0.3779008366187919,0.37751382831489366,0.019105534010113168,0.023937336929136688,0.015149268797663984
2023-06-30,0.30821215827041226,0.22018846872796471,0.31201016755737854,0.24129717209093982,0.3742303282906432,0.6928712902219201,0.11110421853720975,0.6928658853009984,0.3902083002538945,0.6555758124514353,0.7284411689644239,0.4855712346092912,0.17528829451672912,0.5866723183881989,0.013477056123241571,0.10744827100515353,0.14563656626582222,0.36416937040442765,0.013584046485581536,0.6141911260641926,0.5383508463616498,0.44065358487272566,0.5706291798463785,0.7348927417640221,0.47237951000645984,0.388958349258788,0.18392834264466862,0.07062543164558355,0.0027465323847475354
2023-07-31,0.45692689765932826,0.35430770165015535,0.4716473237423746,0.40093312670336323,0.16459784117086818,0.7296987145730314,0.16959527175902822,0.6213592777237629,0.24081774686912805,0.6697042169942788,0.7467418581632823,0.794411015371921,0.04137128276650204,0.6282725058079257,0.02471237397678072,0.17807900386604847,0.04293260883750383,0.5382961900175636,0.16387254204624369,0.6739023006584823,0.7115385698136226,0.5227569244561671,0.5476322366530337,0.4981493795106402,0.5704387771435733,0.3825862670416408,0.5239211679196449,0.30174873013245096,0.008809380992064297
2023-08-31,0.6927240570675082,0.6612626051895967,0.620735952872135,0.7572953464704566,0.016839004808575253,0.7781967655708475,0.19071727860671772,0.5576571812577473,0.0035867810131269273,0.7738510257141277,0.8710362447037624,0.8456372845128879,0.006215640457306604,0.7192873776418598,0.3688474057017256,0.3660100112349626,0.10438022580912909,0.812942368910772,0.5852252439957548,0.8645171774789677,0.6963759086013833,0.822877588387626,0.5362187167011301,0.20513182246409778,0.8592673226297791,0.450540128833125,0.8209564755743975,0.7398894558158335,0.05237104737112419
2023-09-29,0.6905373408507005,0.7512722371361689,0.7548538947065838,0.8000201692763464,0.046578648398316824,0.6622918510759663,0.19985883288922923,0.30839979269117923,0.24366856313845453,0.8055126696759052,0.9034058744486748,0.8680293563977526,0.23659928459451463,0.5568073158033651,0.5991260600094719,0.5534680733291908,0.2517673524063643,0.8573150157500862,0.783367253873084,0.893695651861968,0.6833049094033046,0.7905311455444611,0.5557808164611505,0.06326253836861417,0.9072890499440358,0.5395786112570313,0.8689527575015484,0.8549527887570071,0.07834839396092441
2023-10-31,0.35137510522085114,0.6941786869145627,0.8062154509368997,0.6813054737163793,0.3439105908331078,0.24018939222177405,0.6088155812595246,0.08440418728406474,0.5059426949528808,0.631583331493998,0.7983969150875354,0.9078276399994908,0.4758966932535762,0.20412519055225498,0.6381958902549664,0.5713887862845275,0.41487564990910997,0.8276713609933575,0.8672886277810946,0.8703447392301494,0.6933481686295488,0.7476317428915499,0.7461042599666279,0.08668907207949883,0.9038202668872298,0.4866386622093164,0.8074994464367998,0.850205247596094,0.05456674213835733
2023-11-30,0.009738968528515968,0.6933911901262497,0.8226578684873755,0.6529439361616114,0.5960079532738605,0.12732635367082323,0.6830394156193023,0.0006685807201118887,0.5524818867105422,0.19997225186075118,0.7606533879893558,0.8977235720058133,0.5052635662201996,0.02885917624266454,0.8355524008540189,0.44700319227841434,0.6794522603843334,0.8298937590202196,0.8651717575798128,0.8728877512119213,0.7075323557971996,0.798001267757914,0.8506749447978506,0.15946884212010926,0.9129531267503501,0.6493472521804309,0.7063233738756232,0.869920559147664,0.12957891206299088
2023-12-29,0.09068948433532031,0.6762779747102282,0.8450033756083948,0.6496129246881681,0.7034240194678345,0.09623200645938912,0.5525588710304665,0.013655369917692894,0.6620830271370752,0.07138444898064222,0.7715059332166286,0.8272556843137584,0.45424159753571347,0.02379727971480372,0.8345829850998732,0.3868201839011022,0.8354458547596971,0.8284406048948546,0.8438250924415074,0.8759940913123813,0.7322857397955976,0.8144213373771234,0.8279979558816605,0.19785100374669007,0.9161539276502932,0.7758398686314358,0.627908074465971,0.877855928397022,0.22089839621778495
2024-01-31,0.336088294586238,0.6032308942991875,0.8551681303834775,0.6429228596743484,0.7589873832729248,0.08145350179929733,0.3941931266640035,0.05522837210155207,0.7807297950509017,0.013142784363970317,0.7736099296337231,0.781318497346178,0.3537034007755765,0.002844262213228421,0.8298811767124242,0.30650641686718716,0.8764001670357738,0.8284643655195381,0.8233216196361032,0.8900287940368785,0.6252906479025622,0.7988270382253375,0.8370647125788729,0.11338639992058774,0.889194483104479,0.797008488308396,0.6090729000816645,0.8622764608590358,0.3345711525939644
2024-02-29,0.2665782022241614,0.4671984018708164,0.8328916100825866,0.6598788294701852,0.8837839733294554,0.039465762060915344,0.3608794356962035,0.16544240308087954,0.8848465997416078,0.05223468411377652,0.8021616986489121,0.6768044459558813,0.1741329836087735,0.013986372877393127,0.8794487782960868,0.4261739496525474,0.9149904591839055,0.8316510200263045,0.797483667083495,0.8875218190347973,0.5180143673341047,0.8132502357180065,0.8504678206569648,0.04283023809762854,0.8932344809726716,0.7724693984120521,0.5144671743936238,0.8146243899007223,0.6554109160363641
2024-03-28,0.16081568542893188,0.13978665959825265,0.7612250250356446,0.6905278666414123,0.8343752036875913,0.0006014885819057847,0.48955306446629887,0.6117192673999183,0.8537549365423386,0.14001760372209504,0.7692700441892065,0.5531507553079,0.11052120866537218,0.06990834772096999,0.8949336880060271,0.5319010757448992,0.8839447860682977,0.842953253408326,0.7620029404444189,0.8893733770967015,0.3271233174994269,0.819220192179171,0.7880722847037032,0.06994577857033557,0.8888989540517873,0.6665265838712602,0.3397374139281032,0.6433766338352125,0.7449138405094149
2024-04-30,0.058580057349038595,0.00868590054593077,0.6294878665208896,0.6644036091602337,0.6449374667136292,0.034582481759964256,0.44454797797521395,0.7316390137733144,0.7213830545804182,0.4350359340951314,0.6638281134530521,0.4152812162446976,0.06612774177384828,0.18685442606319036,0.9057829898100369,0.55883664507273,0.8742665688488191,0.825024483483038,0.7742128898167246,0.8634947405389233,0.07342362637900268,0.8146607845743874,0.6564556152649685,0.20240902025391205,0.8264409317406981,0.2365728736899848,0.02810245786621457,0.29059011231501475,0.6141226382987202
2024-05-31,0.085697861701579,0.03198898919323945,0.5428396024665483,0.636649408821659,0.3903270332857929,7.359258482964037e-05,0.3557483929833729,0.7299819875581697,0.4703073058216253,0.5976179137568705,0.38255430649570477,0.28384325407068345,0.03401003214520071,0.3370719544966324,0.9122026323447932,0.44593579397762406,0.8667064072651042,0.8199493828529976,0.7819255313549253,0.7945801624416315,0.016828765798574064,0.7449620092642334,0.3179546932666052,0.579437734020165,0.799589494478585,0.006175164848386427,0.08100882295017409,0.0038640882197603643,0.32508993461237157
2024-06-28,0.1012379812619244,0.01735430497932866,0.5305415790107103,0.6668145573915167,0.26015823957919204,0.0038184626709591996,0.3269617332838477,0.7228039561060986,0.443977086362758,0.6170049075971921,0.08813077973265038,0.12067254942571592,0.07161319066736149,0.5024066705162199,0.9232450919947671,0.35123865714766556,0.8826235618481206,0.8593249036137754,0.8047346213227058,0.791087096042963,0.0016159995182427611,0.615895424820626,0.15942285608501638,0.6212212847873708,0.8004303796390131,0.059350921979448246,0.4298963546831742,0.06477485722249954,0.25012288340062316
2024-07-31,0.06991592896461984,0.271957199642364,0.5692412451961836,0.6120459749028587,0.15267852318465347,0.013225249922683813,0.1962952856286535,0.7084409751720815,0.5252785968053577,0.4742242244216356,0.0042328641012461254,0.007604991991674526,0.06604573262137681,0.7386619594879302,0.9375272826355608,0.39353621647984727,0.8553229366482128,0.8921520182812662,0.8100348456839981,0.6679224598536657,0.07269820572558916,0.5364651529429032,0.04429754118983875,0.49908976441430397,0.7434987044765259,0.2774858400723633,0.6297268089029479,0.09188211020459958,0.26288365457298435
2024-08-30,0.03439366009388489,0.42587803010856995,0.5091383807198466,0.41602901006903636,0.020263806298685516,0.0033927472775859835,0.044121828919414297,0.7206696996783948,0.6121515310193051,0.3064797183210237,0.01219132888412533,0.014893784968001533,0.10680498569848729,0.7928876301124493,0.9349310506043289,0.04244600746467464,0.8084058269081303,0.7695375857614066,0.7612470964831722,0.3585104500528893,0.298986410693593,0.4259821440525231,0.0057042543349979935,0.19552280068909889,0.45567809217108113,0.5289592860546637,0.54312299524997,0.11955505881260664,0.22349325811810472
2024-09-30,0.0038988853242031274,0.5141586381583692,0.4590104375796136,0.2406724850385461,0.037479735301698125,0.0713619850531253,0.005474032181400856,0.6839028119031819,0.7021500257503317,0.1664953968338817,0.017512377219109476,0.050806721339858196,0.37030112873004817,0.7983066134647534,0.9260901906871106,0.00014508755265985052,0.7716868079435505,0.6762911796672882,0.6625817963007926,0.11191100142476296,0.5215787689783338,0.31656331247084013,0.13024925279171073,0.003554732541615091,0.09330181021539885,0.6917284953322468,0.40049414668224703,0.1322431588987285,0.2584416213765347
2024-10-31,0.04215074217662884,0.5617533390541181,0.42107234614131206,0.06268973475768458,0.23012407605551521,0.0017753437091596602,0.08605399710682105,0.5472102643144519,0.7441804027463603,0.05929942166747648,0.19762526634486266,0.0004153089771739005,0.6800477464136514,0.7631980061034438,0.8982107530303184,0.05737608190919152,0.7844890923168221,0.533297703425617,0.5891063074371737,0.005619119382611948,0.5821333285266518,0.2625400204684216,0.3708744918722796,0.0687206566779901,0.012528214912818192,0.8044122298269509,0.16865241308776036,0.2807635857919566,0.27811434966401827
2024-11-29,0.373097989810682,0.627195130739291,0.41251353881867114,0.034209072879387126,0.28035395774089045,0.0516304869127896,0.2857482507802651,0.41148059642035906,0.7339302371236001,0.25884417231839196,0.3021029241120401,0.3338197808989193,0.8492961370993827,0.631265691874756,0.9054788547794633,0.23872642030536595,0.7563824179611083,0.36829170711547554,0.528755738967712,0.0166161634019224,0.6117236855094512,0.28731124094640703,0.5022155813337974,0.0003077269132349958,0.04075114562721582,0.74164651205474,0.02178952573111692,0.2307989942516263,0.3076448361977283
2024-12-31,0.6499343787408214,0.7796766898804708,0.48427875492113237,0.4004748819267693,0.1719507596779124,0.22222878821597358,0.5430237514363443,0.052583577085243416,0.7198891784540283,0.26487729679392014,0.1282888676824473,0.49403237099923003,0.888408985635149,0.5044813190947621,0.9118226476809739,0.3356326280271905,0.6771562294648956,0.27933083684848403,0.5073465589797027,0.014871291189038516,0.7044127636155956,0.2725286353042041,0.5983867357492472,0.016781038405438542,0.11021908947766779,0.40690160367804207,0.009245083429138101,0.17555289000626373,0.4032093617453787
2025-01-31,0.7381787430684377,0.7985892644482987,0.5643427553276819,0.63788993051495,0.05075306280947667,0.3290755694461708,0.7553615945376487,0.09250265781342237,0.6725978563382309,0.391218013542579,0.03863833672572714,0.6475331192871128,0.8715686829885224,0.3557524794635659,0.8810198739661343,0.4572214346727238,0.6639517124987375,0.14664018714322702,0.5317000578492479,0.020201293711237134,0.7804155300315523,0.21792358943105483,0.5984887853460833,9.346052827896578e-05,0.312892797305248,0.11279020320859234,0.01713030026534379,0.20397908289191735,0.4973064609479294
2025-02-28,0.7555978710203675,0.7889685415383533,0.8185032792345177,0.7043817288858042,0.07007798219713635,0.3268186605103832,0.8904850298497605,0.412023117918796,0.6182324950961778,0.4687583325001502,0.022797643007630763,0.7379738501145654,0.8091994284808793,0.20434485264240165,0.8830753497510568,0.3368699036372086,0.6478189986755458,0.014364666040034613,0.4535641266516829,0.02349837220455453,0.6916715291167662,0.25086841127665027,0.5796767146403146,0.020094873941105762,0.36891829701191503,0.00025079438162778356,0.052655823113417766,0.17781211237695382,0.6380646628002922
2025-03-31,0.7495061686278439,0.6008400162101404,0.7091436214780008,0.7067638630963646,0.33404166950552205,0.22411213142096553,0.8773947482772542,0.6733956462982196,0.4993769873070455,0.5362846209684424,0.1360579491428784,0.7960280472775293,0.7532173854938216,0.03318833906142682,0.784086816056342,0.24803711860407518,0.39744422238860266,0.05660921401525454,0.15503341167318851,0.057362455711377436,0.44029542135370636,0.4710129940527813,0.5830095994719697,0.007753174638636895,0.46066213227185326,0.093177201823057,0.05405845388446173,0.2625845527732893,0.6134400702477245
2025-04-30,0.7368460090072309,0.1717632682267265,0.3973618518929374,0.7638762172153829,0.3557407729514489,0.16194272821805444,0.8525666377419892,0.8273154640911108,0.29876257234807035,0.6984976318393992,0.13896494271598558,0.8540462415567207,0.5890282794328799,0.20194381791513116,0.7113920055308407,0.2299951599241825,0.1590521490820056,0.257248222236638,0.00030075824451225586,0.07042892959228864,0.1494194195681825,0.6289186349268365,0.45591419730860683,0.013346829936381144,0.5921081402444891,0.06236885331978348,0.14907398283067375,0.5060907795574896,0.4434469970723055
2025-05-30,0.7062124492312396,0.002312233170270961,0.3134963073588046,0.773239764322554,0.44975910233028993,0.07358439157164576,0.8101429828422516,0.8494744547623035,0.0533531142221062,0.7807301543484144,0.2515400462629722,0.8953644270660702,0.27411944768688756,0.3174625435040067,0.6929304789988153,0.11883758848184833,0.21923773834319482,0.10217645722194746,0.013839028803123932,0.006045429122439883,0.06159061868601601,0.6600558105210178,0.4177532399456618,0.16477091823665857,0.5246522176414827,0.1013183014886796,0.28813492360977633,0.6662323124225686,0.3351311919702129
2025-06-30,0.6722909706183737,0.185042561371355,0.27195977322314435,0.5888502895046752,0.5210882171493543,0.04276162554345686,0.7052625504829843,0.9028417574109794,0.06706028793293428,0.7231751765727816,0.07683148592737044,0.904047774759371,0.0148412378633207,0.09986488744576494,0.6541651002450993,0.01752276321799462,0.3075083319753952,0.003469035424302769,0.0033152413568600103,0.014159174991590695,0.006885866104142102,0.642241925946799,0.273604504986119,0.3606276826288587,0.40209903023727034,0.023664530604034506,0.4424981628281215,0.8135268851470996,0.24691698535808781
2025-07-31,0.5236613996827137,0.26310379717908416,0.23912794695639084,0.17672384341091008,0.6949994866159539,0.014503469977835026,0.6743391063540054,0.9292789795207073,0.2484537273144405,0.5114489051117912,0.001068560618399439,0.9259121031158544,0.19795907468381913,0.0003938667924455741,0.47865640941290843,0.058243065711171105,0.34435030317443394,0.21319242124121796,0.042885141584980024,0.17362587474844227,0.04395069574551047,0.6525848576512038,0.07132323619189973,0.4105744201724971,0.018737710142141317,0.017841544262452325,0.5525777138682623,0.8114975250352254,0.1804172533682551
2025-08-29,0.6308778833058077,0.24010297379411527,0.04629748325557981,0.008924406599440604,0.7525429354326857,0.014547981461023651,0.6782998633906503,0.9063759272089706,0.44886959405771665,0.4138904310317335,0.22200826967290854,0.9234790554237726,0.691159065838092,0.026817213961113584,0.30647211181583545,0.000794365577637457,0.3061512762634514,0.34967710894602955,0.12176948353981654,0.27891150288995503,0.2509173078758421,0.6587005203347805,0.019355560609568334,0.07340181021021608,0.0461211357911705,0.24789037329322794,0.6366697571550297,0.8155069874657873,0.04784351250748409
2025-09-30,0.6763970132994807,0.08180931085698429,0.042201111827935955,0.025622196919618867,0.7566414360351106,0.003783693970757618,0.6526607690115619,0.8836102068450931,0.6007327849270463,0.30155507866942677,0.27016218455906527,0.8994874039604102,0.7702039608057574,0.1460577810788647,0.13733495814918095,0.08412286029672922,0.2701568488215772,0.4759846519833002,0.23302367860985118,0.34097665262516297,0.4369829177270885,0.6671879028578015,0.41584129308598794,0.00910230202550455,0.01868155171876118,0.5655197759055559,0.6937170883273306,0.7847941486211252,0.054580832731963125
2025-10-31,0.7161193874215689,0.002070617247568296,0.11602295945706342,0.3556555337405336,0.7794045924023234,0.05234322447788353,0.6354788880210307,0.7200785752883141,0.7251649032990337,0.1407210624583065,0.41637171196902145,0.8788422644978267,0.7191328168142563,0.3170380642256916,0.00023588032937793546,0.13803110868624768,0.46667295957271737,0.5864578156553583,0.3606243925058201,0.32629117339063973,0.41890478711910206,0.5888592846596067,0.28849853185478225,0.13774171889496523,0.00023072649737554407,0.8063582111579843,0.7069074720175252,0.7598176445505993,0.06638859428674737
2025-11-28,0.7107651720455983,0.07090241567264355,0.18776894709216696,0.5949846967182529,0.7713917062559497,0.0026610226772757484,0.7206444558990817,0.503222897581908,0.7933694204255992,0.04603822634882171,0.48176400521371576,0.9057508370299623,0.6774760313444834,0.3770583185691073,0.1165410657771464,0.18080186384672392,0.4880357488128586,0.5879195462174298,0.49664200251461854,0.3197619088566006,0.4294352788202723,0.5103034190350105,0.40774196736288504,0.14596525309683295,0.013591913089400665,0.900205429662994,0.7024302774370085,0.749828876697763,0.11812868563910373
2025-12-31,0.5380217917658169,0.33436208499777365,0.2190207864850252,0.7654251058968866,0.49745709474400746,0.0788604596145126,0.7279518545724268,0.20912245609709967,0.8554949186459513,0.040893855367446386,0.48488030527717707,0.8721043747033091,0.7150026374516071,0.5396841710262013,0.272940263985502,0.07989855408340552,0.48972757613648876,0.5999609362864629,0.669003085487539,0.3878233833019732,0.3962163147062887,0.4149334664462959,0.5483480086466701,0.1506584278471339,0.009732165316838737,0.8354642140987355,0.6864211089376263,0.6894238028232528,0.21539838691399815
2026-01-30,0.3039686715936505,0.49734119045061365,0.0939053470564215,0.8509524761802285,0.15964197869739805,0.37018186394464303,0.6538707350802757,0.01796910284142461,0.8464314149397334,0.309957858522537,0.5479376467708575,0.7445011820817895,0.7367251346850386,0.6630612759081147,0.39766521880081784,0.019497599509149754,0.47603634169989106,0.48764386781749547,0.835848831506038,0.38939553996289455,0.38122054395898475,0.2772996320021067,0.6769215865847806,0.12395367475920249,0.00010505828437690212,0.7310185240426237,0.6002123486651192,0.6983010132599714,0.08397304567377839
2026-02-27,0.05749461802262734,0.7019323692899702,0.00010807388853539823,0.8349155353902306,0.0022221491279228456,0.5483000684200154,0.6554027099217767,0.12357118516406129,0.8073009526383712,0.5620778409276042,0.49405973648496726,0.39643428015010096,0.7262862394376062,0.7623737174579939,0.11965166618168743,4.032101946771505e-06,0.42922759473709726,0.1464256105862204,0.9314203588766554,0.21886697231384922,0.39976420631459675,0.22989424337197706,0.6810521105949108,0.13265122999576218,0.004626934261585003,0.6607992087329586,0.3790854622538812,0.6764024224282363,0.0014083000777199706
2026-03-31,0.00884547089286769,0.7473429097205313,0.07669969869466198,0.7301319651877969,0.2297800134530502,0.5950044200003286,0.6737012726135801,0.40710639129677195,0.6837014952851841,0.5797065807831392,0.596549177249154,0.12160421557201107,0.5679471106792566,0.8347809368323229,0.05832257802065277,0.01400970256553613,0.2146213184115633,0.007158291847824572,0.9092303095316812,0.005893196229868614,0.5551435257971604,0.1480070991957022,0.6617716030805485,0.03640397279414376,0.08782951222487245,0.6111917471111552,0.20454903584648731,0.7014267317238039,0.1479194780553288
